year,tournament,start date,type,surface,draw,atp points,atp ranking,tournament prize money,round,opponent,ranking,score,stats link,tournament,tournament round,time,winner,player1 name,player1 nationality,player1 aces,player1 double faults,player1 1st serves in,player1 1st serves total,player1 1st serve points won,player1 1st serve points total,player1 2nd serve points won,player1 2nd serve points total,player1 break points won,player1 break points total,player1 service games played,player1 1st serve return points won,player1 1st serve return points total,player1 2nd serve return points won,player1 2nd serve return points total,player1 break points converted won,player1 break points converted total,player1 return games played,player1 total service points won,player1 total service points total,player1 total return points won,player1 total return points total,player1 total points won,player1 total points total,player2 name,player2 nationality,player2 aces,player2 double faults,player2 1st serves in,player2 1st serves total,player2 1st serve points won,player2 1st serve points total,player2 2nd serve points won,player2 2nd serve points total,player2 break points won,player2 break points total,player2 service games played,player2 1st serve return points won,player2 1st serve return points total,player2 2nd serve return points won,player2 2nd serve return points total,player2 break points converted won,player2 break points converted total,player2 return games played,player2 total service points won,player2 total service points total,player2 total return points won,player2 total return points total,player2 total points won,player2 total points total
1968,"Los Angeles, CA, USA",14.09.1968,GP,Outdoor: Hard,Draw: 64,,,$,R64,Armistead Neely (USA),N/A,"W 6-0, 6-2",http://www.atpworldtour.com/Share/Match-Facts-Pop-Up.aspx?t=423&y=1968&r=2&p=G077,Los Angeles,R64,0,Richard Pancho Gonzales,Richard Pancho Gonzales,United States,,,,,,,,,,,,,,,,,,,,,,,,,Armistead Neely,United States,,,,,,,,,,,,,,,,,,,,,,,,
1968,"Los Angeles, CA, USA",14.09.1968,GP,Outdoor: Hard,Draw: 64,,,$,R32,Donald Dell (USA),N/A,"W 6-2, 6-1",http://www.atpworldtour.com/Share/Match-Facts-Pop-Up.aspx?t=423&y=1968&r=3&p=G077,Los Angeles,R32,0,Richard Pancho Gonzales,Richard Pancho Gonzales,United States,,,,,,,,,,,,,,,,,,,,,,,,,Donald Dell,United States,,,,,,,,,,,,,,,,,,,,,,,,
1968,"Los Angeles, CA, USA",14.09.1968,GP,Outdoor: Hard,Draw: 64,,,$,R16,Earl Butch Buchholz (USA),N/A,"W 8-6, 6-2",http://www.atpworldtour.com/Share/Match-Facts-Pop-Up.aspx?t=423&y=1968&r=4&p=G077,Los Angeles,R16,0,Richard Pancho Gonzales,Richard Pancho Gonzales,United States,,,,,,,,,,,,,,,,,,,,,,,,,Earl Butch Buchholz,United States,,,,,,,,,,,,,,,,,,,,,,,,
1968,"Los Angeles, CA, USA",14.09.1968,GP,Outdoor: Hard,Draw: 64,,,$,Q,Ken Rosewall (AUS),N/A,"L 9-11, 2-6",http://www.atpworldtour.com/Share/Match-Facts-Pop-Up.aspx?t=423&y=1968&r=5&p=G077,Los Angeles,Q,0,Ken Rosewall,Richard Pancho Gonzales,United States,,,,,,,,,,,,,,,,,,,,,,,,,Ken Rosewall,Australia,,,,,,,,,,,,,,,,,,,,,,,,
1968,"US Open, NY, U.S.A.",29.08.1968,GS,Outdoor: Grass,Draw: 96,,,$,R128,Bye,N/A,W ,http://www.atpworldtour.com/Share/Match-Facts-Pop-Up.aspx?t=560&y=1968&r=1&p=G077,US Open,R128,0,Richard Pancho Gonzales,Richard Pancho Gonzales,United States,,,,,,,,,,,,,,,,,,,,,,,,,N/A Bye,,,,,,,,,,,,,,,,,,,,,,,,,
1968,"US Open, NY, U.S.A.",29.08.1968,GS,Outdoor: Grass,Draw: 96,,,$,R64,Colin Stubs (AUS),N/A,"W 6-2, 6-2, 6-2",http://www.atpworldtour.com/Share/Match-Facts-Pop-Up.aspx?t=560&y=1968&r=2&p=G077,US Open,R64,0,Richard Pancho Gonzales,Richard Pancho Gonzales,United States,,,,,,,,,,,,,,,,,,,,,,,,,Colin Stubs,Australia,,,,,,,,,,,,,,,,,,,,,,,,
1968,"US Open, NY, U.S.A.",29.08.1968,GS,Outdoor: Grass,Draw: 96,,,$,R32,Mal Anderson (AUS),N/A,"W 6-4, 6-4, 6-4",http://www.atpworldtour.com/Share/Match-Facts-Pop-Up.aspx?t=560&y=1968&r=3&p=G077,US Open,R32,0,Richard Pancho Gonzales,Richard Pancho Gonzales,United States,,,,,,,,,,,,,,,,,,,,,,,,,Mal Anderson,Australia,,,,,,,,,,,,,,,,,,,,,,,,
1968,"US Open, NY, U.S.A.",29.08.1968,GS,Outdoor: Grass,Draw: 96,,,$,R16,Tony Roche (AUS),N/A,"W 8-6, 6-4, 6-2",http://www.atpworldtour.com/Share/Match-Facts-Pop-Up.aspx?t=560&y=1968&r=4&p=G077,US Open,R16,0,Richard Pancho Gonzales,Richard Pancho Gonzales,United States,,,,,,,,,,,,,,,,,,,,,,,,,Tony Roche,Australia,,,,,,,,,,,,,,,,,,,,,,,,
1968,"US Open, NY, U.S.A.",29.08.1968,GS,Outdoor: Grass,Draw: 96,,,$,Q,Tom Okker (NED),N/A,"L 16-14, 3-6, 8-10, 3-6",http://www.atpworldtour.com/Share/Match-Facts-Pop-Up.aspx?t=560&y=1968&r=5&p=G077,US Open,Q,0,Tom Okker,Richard Pancho Gonzales,United States,,,,,,,,,,,,,,,,,,,,,,,,,Tom Okker,Netherlands,,,,,,,,,,,,,,,,,,,,,,,,
1968,"Wimbledon, England",24.06.1968,GS,Outdoor: Grass,Draw: 128,,,$,R128,Ramanathan Krishnan (IND),N/A,"W 6-2, 6-4, 6-3",http://www.atpworldtour.com/Share/Match-Facts-Pop-Up.aspx?t=540&y=1968&r=1&p=G077,Wimbledon,R128,0,Richard Pancho Gonzales,Richard Pancho Gonzales,United States,,,,,,,,,,,,,,,,,,,,,,,,,Ramanathan Krishnan,India,,,,,,,,,,,,,,,,,,,,,,,,
1968,"Wimbledon, England",24.06.1968,GS,Outdoor: Grass,Draw: 128,,,$,R64,Robert Maud (RSA),N/A,"W 6-2, 6-4, 9-7",http://www.atpworldtour.com/Share/Match-Facts-Pop-Up.aspx?t=540&y=1968&r=2&p=G077,Wimbledon,R64,0,Richard Pancho Gonzales,Richard Pancho Gonzales,United States,,,,,,,,,,,,,,,,,,,,,,,,,Robert Maud,South Africa,,,,,,,,,,,,,,,,,,,,,,,,
1968,"Wimbledon, England",24.06.1968,GS,Outdoor: Grass,Draw: 128,,,$,R32,Alex Metreveli (RUS),N/A,"L 6-4, 4-6, 3-6, 5-7",http://www.atpworldtour.com/Share/Match-Facts-Pop-Up.aspx?t=540&y=1968&r=3&p=G077,Wimbledon,R32,0,Alex Metreveli,Richard Pancho Gonzales,United States,,,,,,,,,,,,,,,,,,,,,,,,,Alex Metreveli,Russian Federation,,,,,,,,,,,,,,,,,,,,,,,,
1968,"Roland Garros, France",27.05.1968,GS,Outdoor: Clay,Draw: 128,,,$,R128,Ray Keldie (AUS),N/A,"W 6-2, 6-0, 3-6, 6-3",http://www.atpworldtour.com/Share/Match-Facts-Pop-Up.aspx?t=520&y=1968&r=1&p=G077,Roland Garros,R128,0,Richard Pancho Gonzales,Richard Pancho Gonzales,United States,,,,,,,,,,,,,,,,,,,,,,,,,Ray Keldie,Australia,,,,,,,,,,,,,,,,,,,,,,,,
1968,"Roland Garros, France",27.05.1968,GS,Outdoor: Clay,Draw: 128,,,$,R64,Bob Giltinan (AUS),N/A,"W 6-1, 6-0, 6-3",http://www.atpworldtour.com/Share/Match-Facts-Pop-Up.aspx?t=520&y=1968&r=2&p=G077,Roland Garros,R64,0,Richard Pancho Gonzales,Richard Pancho Gonzales,United States,,,,,,,,,,,,,,,,,,,,,,,,,Bob Giltinan,Australia,,,,,,,,,,,,,,,,,,,,,,,,
1968,"Roland Garros, France",27.05.1968,GS,Outdoor: Clay,Draw: 128,,,$,R32,Pierre Darmon (FRA),N/A,"W 1-6, 6-1, 12-10, 8-6",http://www.atpworldtour.com/Share/Match-Facts-Pop-Up.aspx?t=520&y=1968&r=3&p=G077,Roland Garros,R32,0,Richard Pancho Gonzales,Richard Pancho Gonzales,United States,,,,,,,,,,,,,,,,,,,,,,,,,Pierre Darmon,France,,,,,,,,,,,,,,,,,,,,,,,,
1968,"Roland Garros, France",27.05.1968,GS,Outdoor: Clay,Draw: 128,,,$,R16,Istvan Gulyas (HUN),N/A,"W 6-4, 6-2, 6-2",http://www.atpworldtour.com/Share/Match-Facts-Pop-Up.aspx?t=520&y=1968&r=4&p=G077,Roland Garros,R16,0,Richard Pancho Gonzales,Richard Pancho Gonzales,United States,,,,,,,,,,,,,,,,,,,,,,,,,Istvan Gulyas,Hungary,,,,,,,,,,,,,,,,,,,,,,,,
1968,"Roland Garros, France",27.05.1968,GS,Outdoor: Clay,Draw: 128,,,$,Q,Roy Emerson (AUS),N/A,"W 7-5, 6-3, 3-6, 4-6, 6-4",http://www.atpworldtour.com/Share/Match-Facts-Pop-Up.aspx?t=520&y=1968&r=5&p=G077,Roland Garros,Q,0,Richard Pancho Gonzales,Richard Pancho Gonzales,United States,,,,,,,,,,,,,,,,,,,,,,,,,Roy Emerson,Australia,,,,,,,,,,,,,,,,,,,,,,,,
1968,"Roland Garros, France",27.05.1968,GS,Outdoor: Clay,Draw: 128,,,$,S,Rod Laver (AUS),N/A,"L 3-6, 3-6, 1-6",http://www.atpworldtour.com/Share/Match-Facts-Pop-Up.aspx?t=520&y=1968&r=6&p=G077,Roland Garros,S,0,Rod Laver,Richard Pancho Gonzales,United States,,,,,,,,,,,,,,,,,,,,,,,,,Rod Laver,Australia,,,,,,,,,,,,,,,,,,,,,,,,
1968,"Bournemouth, Great Britain",22.04.1968,GP,Outdoor: Clay,Draw: 32,,,$,R32,Clay Iles (GBR),N/A,"W 6-2, 6-1, 6-1",http://www.atpworldtour.com/Share/Match-Facts-Pop-Up.aspx?t=347&y=1968&r=3&p=G077,Bournemouth,R32,0,Richard Pancho Gonzales,Richard Pancho Gonzales,United States,,,,,,,,,,,,,,,,,,,,,,,,,Clay Iles,Great Britain,,,,,,,,,,,,,,,,,,,,,,,,
1968,"Bournemouth, Great Britain",22.04.1968,GP,Outdoor: Clay,Draw: 32,,,$,R16,Mark Cox (GBR),N/A,"L 6-0, 2-6, 6-4, 3-6, 3-6",http://www.atpworldtour.com/Share/Match-Facts-Pop-Up.aspx?t=347&y=1968&r=4&p=G077,Bournemouth,R16,0,Mark Cox,Richard Pancho Gonzales,United States,,,,,,,,,,,,,,,,,,,,,,,,,Mark Cox,Great Britain,,,,,,,,,,,,,,,,,,,,,,,,
1969,"Wembley, London",17.11.1969,GP,Indoor: Carpet,Draw: 8,,,$,Q,Tom Okker (NED),N/A,"L 1-6, 2-6",http://www.atpworldtour.com/Share/Match-Facts-Pop-Up.aspx?t=430&y=1969&r=5&p=G077,Wembley,Q,0,Tom Okker,Richard Pancho Gonzales,United States,,,,,,,,,,,,,,,,,,,,,,,,,Tom Okker,Netherlands,,,,,,,,,,,,,,,,,,,,,,,,
1969,"Los Angeles, CA, USA",20.09.1969,GP,Outdoor: Hard,Draw: 64,,,$,R64,Onny Parun (NZL),N/A,"W 6-0, 6-1",http://www.atpworldtour.com/Share/Match-Facts-Pop-Up.aspx?t=423&y=1969&r=2&p=G077,Los Angeles,R64,0,Richard Pancho Gonzales,Richard Pancho Gonzales,United States,,,,,,,,,,,,,,,,,,,,,,,,,Onny Parun,New Zealand,,,,,,,,,,,,,,,,,,,,,,,,
1969,"Los Angeles, CA, USA",20.09.1969,GP,Outdoor: Hard,Draw: 64,,,$,R32,Bob Carmichael (AUS),N/A,"W 6-3, 6-3",http://www.atpworldtour.com/Share/Match-Facts-Pop-Up.aspx?t=423&y=1969&r=3&p=G077,Los Angeles,R32,0,Richard Pancho Gonzales,Richard Pancho Gonzales,United States,,,,,,,,,,,,,,,,,,,,,,,,,Bob Carmichael,Australia,,,,,,,,,,,,,,,,,,,,,,,,
1969,"Los Angeles, CA, USA",20.09.1969,GP,Outdoor: Hard,Draw: 64,,,$,R16,Ken Rosewall (AUS),N/A,"W 6-4, 11-13, 6-4",http://www.atpworldtour.com/Share/Match-Facts-Pop-Up.aspx?t=423&y=1969&r=4&p=G077,Los Angeles,R16,0,Richard Pancho Gonzales,Richard Pancho Gonzales,United States,,,,,,,,,,,,,,,,,,,,,,,,,Ken Rosewall,Australia,,,,,,,,,,,,,,,,,,,,,,,,
1969,"Los Angeles, CA, USA",20.09.1969,GP,Outdoor: Hard,Draw: 64,,,$,Q,Stan Smith (USA),N/A,"W 6-2, 9-7",http://www.atpworldtour.com/Share/Match-Facts-Pop-Up.aspx?t=423&y=1969&r=5&p=G077,Los Angeles,Q,0,Richard Pancho Gonzales,Richard Pancho Gonzales,United States,,,,,,,,,,,,,,,,,,,,,,,,,Stan Smith,United States,,,,,,,,,,,,,,,,,,,,,,,,
1969,"Los Angeles, CA, USA",20.09.1969,GP,Outdoor: Hard,Draw: 64,,,$,S,Jim Osborne (USA),N/A,"W 6-2, 7-9, 7-5",http://www.atpworldtour.com/Share/Match-Facts-Pop-Up.aspx?t=423&y=1969&r=6&p=G077,Los Angeles,S,0,Richard Pancho Gonzales,Richard Pancho Gonzales,United States,,,,,,,,,,,,,,,,,,,,,,,,,Jim Osborne,United States,,,,,,,,,,,,,,,,,,,,,,,,
1969,"Los Angeles, CA, USA",20.09.1969,GP,Outdoor: Hard,Draw: 64,,,$,W,Cliff Richey (USA),N/A,"W 6-0, 7-5",http://www.atpworldtour.com/Share/Match-Facts-Pop-Up.aspx?t=423&y=1969&r=7&p=G077,Los Angeles,F,0,Richard Pancho Gonzales,Richard Pancho Gonzales,United States,,,,,,,,,,,,,,,,,,,,,,,,,Cliff Richey,United States,,,,,,,,,,,,,,,,,,,,,,,,
1969,"US Open, NY, U.S.A.",27.08.1969,GS,Outdoor: Grass,Draw: 128,,,$,R128,Robert Potthast (USA),N/A,"W 6-3, 6-3, 6-4",http://www.atpworldtour.com/Share/Match-Facts-Pop-Up.aspx?t=560&y=1969&r=1&p=G077,US Open,R128,0,Richard Pancho Gonzales,Richard Pancho Gonzales,United States,,,,,,,,,,,,,,,,,,,,,,,,,Robert Potthast,United States,,,,,,,,,,,,,,,,,,,,,,,,
1969,"US Open, NY, U.S.A.",27.08.1969,GS,Outdoor: Grass,Draw: 128,,,$,R64,Ray Ruffels (AUS),N/A,"W 6-2, 3-6, 6-3, 3-6, 6-4",http://www.atpworldtour.com/Share/Match-Facts-Pop-Up.aspx?t=560&y=1969&r=2&p=G077,US Open,R64,0,Richard Pancho Gonzales,Richard Pancho Gonzales,United States,,,,,,,,,,,,,,,,,,,,,,,,,Ray Ruffels,Australia,,,,,,,,,,,,,,,,,,,,,,,,
1969,"US Open, NY, U.S.A.",27.08.1969,GS,Outdoor: Grass,Draw: 128,,,$,R32,Torben Ulrich (DEN),N/A,"W 3-6, 6-4, 4-6, 8-6, 6-2",http://www.atpworldtour.com/Share/Match-Facts-Pop-Up.aspx?t=560&y=1969&r=3&p=G077,US Open,R32,0,Richard Pancho Gonzales,Richard Pancho Gonzales,United States,,,,,,,,,,,,,,,,,,,,,,,,,Torben Ulrich,Denmark,,,,,,,,,,,,,,,,,,,,,,,,
1969,"US Open, NY, U.S.A.",27.08.1969,GS,Outdoor: Grass,Draw: 128,,,$,R16,Tony Roche (AUS),N/A,"L 3-6, 12-10, 5-7, 0-6",http://www.atpworldtour.com/Share/Match-Facts-Pop-Up.aspx?t=560&y=1969&r=4&p=G077,US Open,R16,0,Tony Roche,Richard Pancho Gonzales,United States,,,,,,,,,,,,,,,,,,,,,,,,,Tony Roche,Australia,,,,,,,,,,,,,,,,,,,,,,,,
1969,"Wimbledon, England",23.06.1969,GS,Outdoor: Grass,Draw: 128,,,$,R128,Charlie Pasarell (USA),N/A,"W 22-24, 1-6, 16-14, 6-3, 11-9",http://www.atpworldtour.com/Share/Match-Facts-Pop-Up.aspx?t=540&y=1969&r=1&p=G077,Wimbledon,R128,0,Richard Pancho Gonzales,Richard Pancho Gonzales,United States,,,,,,,,,,,,,,,,,,,,,,,,,Charlie Pasarell,United States,,,,,,,,,,,,,,,,,,,,,,,,
1969,"Wimbledon, England",23.06.1969,GS,Outdoor: Grass,Draw: 128,,,$,R64,Ove Nils Bengtson (SWE),N/A,"W 6-4, 6-3, 6-3",http://www.atpworldtour.com/Share/Match-Facts-Pop-Up.aspx?t=540&y=1969&r=2&p=G077,Wimbledon,R64,0,Richard Pancho Gonzales,Richard Pancho Gonzales,United States,,,,,,,,,,,,,,,,,,,,,,,,,Ove Nils Bengtson,Sweden,,,,,,,,,,,,,,,,,,,,,,,,
1969,"Wimbledon, England",23.06.1969,GS,Outdoor: Grass,Draw: 128,,,$,R32,Tom Edlefsen (USA),N/A,"W 6-4, 6-3, 6-2",http://www.atpworldtour.com/Share/Match-Facts-Pop-Up.aspx?t=540&y=1969&r=3&p=G077,Wimbledon,R32,0,Richard Pancho Gonzales,Richard Pancho Gonzales,United States,,,,,,,,,,,,,,,,,,,,,,,,,Tom Edlefsen,United States,,,,,,,,,,,,,,,,,,,,,,,,
1969,"Wimbledon, England",23.06.1969,GS,Outdoor: Grass,Draw: 128,,,$,R16,Arthur Ashe (USA),N/A,"L 5-7, 6-4, 3-6, 3-6",http://www.atpworldtour.com/Share/Match-Facts-Pop-Up.aspx?t=540&y=1969&r=4&p=G077,Wimbledon,R16,0,Arthur Ashe,Richard Pancho Gonzales,United States,,,,,,,,,,,,,,,,,,,,,,,,,Arthur Ashe,United States,,,,,,,,,,,,,,,,,,,,,,,,
1969,"Monte Carlo, Monaco",15.04.1969,GP,Outdoor: Clay,Draw: 64,,,$,R64,Ian Fletcher (AUS),N/A,"W 6-3, 6-3",http://www.atpworldtour.com/Share/Match-Facts-Pop-Up.aspx?t=410&y=1969&r=2&p=G077,Monte Carlo,R64,0,Richard Pancho Gonzales,Richard Pancho Gonzales,United States,,,,,,,,,,,,,,,,,,,,,,,,,Ian Fletcher,Australia,,,,,,,,,,,,,,,,,,,,,,,,
1969,"Monte Carlo, Monaco",15.04.1969,GP,Outdoor: Clay,Draw: 64,,,$,R32,Christian Kuhnke (GER),N/A,"W 6-2, 6-4",http://www.atpworldtour.com/Share/Match-Facts-Pop-Up.aspx?t=410&y=1969&r=3&p=G077,Monte Carlo,R32,0,Richard Pancho Gonzales,Richard Pancho Gonzales,United States,,,,,,,,,,,,,,,,,,,,,,,,,Christian Kuhnke,Germany,,,,,,,,,,,,,,,,,,,,,,,,
1969,"Monte Carlo, Monaco",15.04.1969,GP,Outdoor: Clay,Draw: 64,,,$,R16,Martin Mulligan (ITA),N/A,"L 0-6, 1-6",http://www.atpworldtour.com/Share/Match-Facts-Pop-Up.aspx?t=410&y=1969&r=4&p=G077,Monte Carlo,R16,0,Martin Mulligan,Richard Pancho Gonzales,United States,,,,,,,,,,,,,,,,,,,,,,,,,Martin Mulligan,Italy,,,,,,,,,,,,,,,,,,,,,,,,
1969,"Philadelphia WCT, PA, U.S.A.",05.02.1969,GP,Indoor: Carpet,Draw: 32,,,$,R32,Torben Ulrich (DEN),N/A,"W 6-3, 3-6, 6-2",http://www.atpworldtour.com/Share/Match-Facts-Pop-Up.aspx?t=401&y=1969&r=3&p=G077,Philadelphia WCT,R32,0,Richard Pancho Gonzales,Richard Pancho Gonzales,United States,,,,,,,,,,,,,,,,,,,,,,,,,Torben Ulrich,Denmark,,,,,,,,,,,,,,,,,,,,,,,,
1969,"Philadelphia WCT, PA, U.S.A.",05.02.1969,GP,Indoor: Carpet,Draw: 32,,,$,R16,Thomaz Koch (BRA),N/A,"W 6-3, 7-5",http://www.atpworldtour.com/Share/Match-Facts-Pop-Up.aspx?t=401&y=1969&r=4&p=G077,Philadelphia WCT,R16,0,Richard Pancho Gonzales,Richard Pancho Gonzales,United States,,,,,,,,,,,,,,,,,,,,,,,,,Thomaz Koch,Brazil,,,,,,,,,,,,,,,,,,,,,,,,
1969,"Philadelphia WCT, PA, U.S.A.",05.02.1969,GP,Indoor: Carpet,Draw: 32,,,$,Q,Tony Roche (AUS),N/A,"L 3-6, 3-6",http://www.atpworldtour.com/Share/Match-Facts-Pop-Up.aspx?t=401&y=1969&r=5&p=G077,Philadelphia WCT,Q,0,Tony Roche,Richard Pancho Gonzales,United States,,,,,,,,,,,,,,,,,,,,,,,,,Tony Roche,Australia,,,,,,,,,,,,,,,,,,,,,,,,
1969,"Auckland, Australia",29.01.1969,GP,Outdoor: Grass,Draw: 8,,,$,Q,Raymond Moore (RSA),N/A,"L 6-2, 10-12, 4-6, 7-5, 7-9",http://www.atpworldtour.com/Share/Match-Facts-Pop-Up.aspx?t=3937&y=1969&r=5&p=G077,Auckland,Q,0,Raymond Moore,Richard Pancho Gonzales,United States,,,,,,,,,,,,,,,,,,,,,,,,,Raymond Moore,South Africa,,,,,,,,,,,,,,,,,,,,,,,,
1969,"Australian Open, Australia",20.01.1969,GS,Outdoor: Grass,Draw: 64,,,$,R64,Marc Bolle (BEL),N/A,"W 6-2, 6-2, 6-4",http://www.atpworldtour.com/Share/Match-Facts-Pop-Up.aspx?t=580&y=1969&r=2&p=G077,Australian Open,R64,0,Richard Pancho Gonzales,Richard Pancho Gonzales,United States,,,,,,,,,,,,,,,,,,,,,,,,,Marc Bolle,Belgium,,,,,,,,,,,,,,,,,,,,,,,,
1969,"Australian Open, Australia",20.01.1969,GS,Outdoor: Grass,Draw: 64,,,$,R32,Pierre Barthes (FRA),N/A,"W 6-4, 6-3, 6-3",http://www.atpworldtour.com/Share/Match-Facts-Pop-Up.aspx?t=580&y=1969&r=3&p=G077,Australian Open,R32,0,Richard Pancho Gonzales,Richard Pancho Gonzales,United States,,,,,,,,,,,,,,,,,,,,,,,,,Pierre Barthes,France,,,,,,,,,,,,,,,,,,,,,,,,
1969,"Australian Open, Australia",20.01.1969,GS,Outdoor: Grass,Draw: 64,,,$,R16,Bill Bowrey (AUS),N/A,"L 3-6, 0-6, 9-11",http://www.atpworldtour.com/Share/Match-Facts-Pop-Up.aspx?t=580&y=1969&r=4&p=G077,Australian Open,R16,0,Bill Bowrey,Richard Pancho Gonzales,United States,,,,,,,,,,,,,,,,,,,,,,,,,Bill Bowrey,Australia,,,,,,,,,,,,,,,,,,,,,,,,
1969,"Sydney, Australia",13.01.1969,GP,Outdoor: Grass,Draw: 8,,,$,Q,John Newcombe (AUS),N/A,"L 7-5, 16-18, 3-6, 12-14",http://www.atpworldtour.com/Share/Match-Facts-Pop-Up.aspx?t=3941&y=1969&r=5&p=G077,Sydney,Q,0,John Newcombe,Richard Pancho Gonzales,United States,,,,,,,,,,,,,,,,,,,,,,,,,John Newcombe,Australia,,,,,,,,,,,,,,,,,,,,,,,,
1970,"Wembley, London",16.11.1970,GP,Indoor: Carpet,Draw: 32,,,$,R32,Ion Tiriac (ROU),N/A,"W 4-6, 6-4, 6-2",http://www.atpworldtour.com/Share/Match-Facts-Pop-Up.aspx?t=430&y=1970&r=3&p=G077,Wembley,R32,0,Richard Pancho Gonzales,Richard Pancho Gonzales,United States,,,,,,,,,,,,,,,,,,,,,,,,,Ion Tiriac,Romania,,,,,,,,,,,,,,,,,,,,,,,,
1970,"Wembley, London",16.11.1970,GP,Indoor: Carpet,Draw: 32,,,$,R16,Stan Smith (USA),N/A,"W 8-9, 9-8, 9-8",http://www.atpworldtour.com/Share/Match-Facts-Pop-Up.aspx?t=430&y=1970&r=4&p=G077,Wembley,R16,0,Richard Pancho Gonzales,Richard Pancho Gonzales,United States,,,,,,,,,,,,,,,,,,,,,,,,,Stan Smith,United States,,,,,,,,,,,,,,,,,,,,,,,,
1970,"Wembley, London",16.11.1970,GP,Indoor: Carpet,Draw: 32,,,$,Q,Ken Rosewall (AUS),N/A,"L 2-6, 3-6",http://www.atpworldtour.com/Share/Match-Facts-Pop-Up.aspx?t=430&y=1970&r=5&p=G077,Wembley,Q,0,Ken Rosewall,Richard Pancho Gonzales,United States,,,,,,,,,,,,,,,,,,,,,,,,,Ken Rosewall,Australia,,,,,,,,,,,,,,,,,,,,,,,,
1970,"Paris Indoor, France",09.11.1970,GP,Indoor: Carpet,Draw: 32,,,$,R32,Michel Leclercq (FRA),N/A,"W 6-4, 3-6, 6-3",http://www.atpworldtour.com/Share/Match-Facts-Pop-Up.aspx?t=352&y=1970&r=3&p=G077,Paris Indoor,R32,0,Richard Pancho Gonzales,Richard Pancho Gonzales,United States,,,,,,,,,,,,,,,,,,,,,,,,,Michel Leclercq,France,,,,,,,,,,,,,,,,,,,,,,,,
1970,"Paris Indoor, France",09.11.1970,GP,Indoor: Carpet,Draw: 32,,,$,R16,Zeljko Franulovic (CRO),N/A,"W 6-1, 6-3",http://www.atpworldtour.com/Share/Match-Facts-Pop-Up.aspx?t=352&y=1970&r=4&p=G077,Paris Indoor,R16,0,Richard Pancho Gonzales,Richard Pancho Gonzales,United States,,,,,,,,,,,,,,,,,,,,,,,,,Zeljko Franulovic,Croatia,,,,,,,,,,,,,,,,,,,,,,,,
1970,"Paris Indoor, France",09.11.1970,GP,Indoor: Carpet,Draw: 32,,,$,Q,Marty Riessen (USA),N/A,"L 6-7, 0-6",http://www.atpworldtour.com/Share/Match-Facts-Pop-Up.aspx?t=352&y=1970&r=5&p=G077,Paris Indoor,Q,0,Marty Riessen,Richard Pancho Gonzales,United States,,,,,,,,,,,,,,,,,,,,,,,,,Marty Riessen,United States,,,,,,,,,,,,,,,,,,,,,,,,
1970,"Los Angeles, CA, USA",19.09.1970,GP,Outdoor: Hard,Draw: 64,,,$,R64,Mike Machette (USA),N/A,"W 7-5, 6-4",http://www.atpworldtour.com/Share/Match-Facts-Pop-Up.aspx?t=423&y=1970&r=2&p=G077,Los Angeles,R64,0,Richard Pancho Gonzales,Richard Pancho Gonzales,United States,,,,,,,,,,,,,,,,,,,,,,,,,Mike Machette,United States,,,,,,,,,,,,,,,,,,,,,,,,
1970,"Los Angeles, CA, USA",19.09.1970,GP,Outdoor: Hard,Draw: 64,,,$,R32,Dick Crealy (AUS),N/A,"W 7-6, 3-6, 7-6",http://www.atpworldtour.com/Share/Match-Facts-Pop-Up.aspx?t=423&y=1970&r=3&p=G077,Los Angeles,R32,0,Richard Pancho Gonzales,Richard Pancho Gonzales,United States,,,,,,,,,,,,,,,,,,,,,,,,,Dick Crealy,Australia,,,,,,,,,,,,,,,,,,,,,,,,
1970,"Los Angeles, CA, USA",19.09.1970,GP,Outdoor: Hard,Draw: 64,,,$,R16,Roger Taylor (GBR),N/A,"W 3-6, 6-3, 6-3",http://www.atpworldtour.com/Share/Match-Facts-Pop-Up.aspx?t=423&y=1970&r=4&p=G077,Los Angeles,R16,0,Richard Pancho Gonzales,Richard Pancho Gonzales,United States,,,,,,,,,,,,,,,,,,,,,,,,,Roger Taylor,Great Britain,,,,,,,,,,,,,,,,,,,,,,,,
1970,"Los Angeles, CA, USA",19.09.1970,GP,Outdoor: Hard,Draw: 64,,,$,Q,John Newcombe (AUS),N/A,"L 7-6, 3-6, 2-6",http://www.atpworldtour.com/Share/Match-Facts-Pop-Up.aspx?t=423&y=1970&r=5&p=G077,Los Angeles,Q,0,John Newcombe,Richard Pancho Gonzales,United States,,,,,,,,,,,,,,,,,,,,,,,,,John Newcombe,Australia,,,,,,,,,,,,,,,,,,,,,,,,
1970,"US Open, NY, U.S.A.",02.09.1970,GS,Outdoor: Grass,Draw: 128,,,$,R128,Ingo Buding (GER),N/A,"W 6-2, 7-5, 1-0 RET",http://www.atpworldtour.com/Share/Match-Facts-Pop-Up.aspx?t=560&y=1970&r=1&p=G077,US Open,R128,0,Richard Pancho Gonzales,Richard Pancho Gonzales,United States,,,,,,,,,,,,,,,,,,,,,,,,,Ingo Buding,Germany,,,,,,,,,,,,,,,,,,,,,,,,
1970,"US Open, NY, U.S.A.",02.09.1970,GS,Outdoor: Grass,Draw: 128,,,$,R64,Vladimir Korotkov (RUS),N/A,"W 7-6, 6-3, 7-6",http://www.atpworldtour.com/Share/Match-Facts-Pop-Up.aspx?t=560&y=1970&r=2&p=G077,US Open,R64,0,Richard Pancho Gonzales,Richard Pancho Gonzales,United States,,,,,,,,,,,,,,,,,,,,,,,,,Vladimir Korotkov,Russian Federation,,,,,,,,,,,,,,,,,,,,,,,,
1970,"US Open, NY, U.S.A.",02.09.1970,GS,Outdoor: Grass,Draw: 128,,,$,R32,Nikola Pilic (CRO),N/A,"L 6-4, 2-6, 6-7, 5-7",http://www.atpworldtour.com/Share/Match-Facts-Pop-Up.aspx?t=560&y=1970&r=3&p=G077,US Open,R32,0,Nikola Pilic,Richard Pancho Gonzales,United States,,,,,,,,,,,,,,,,,,,,,,,,,Nikola Pilic,Croatia,,,,,,,,,,,,,,,,,,,,,,,,
1970,"Montreal / Toronto, Toronto, Ontario",12.08.1970,GP,Outdoor: Clay,Draw: 32,,,$,R32,John Sharpe (AUS),N/A,"W 11-9, 6-4",http://www.atpworldtour.com/Share/Match-Facts-Pop-Up.aspx?t=421&y=1970&r=3&p=G077,Montreal / Toronto,R32,0,Richard Pancho Gonzales,Richard Pancho Gonzales,United States,,,,,,,,,,,,,,,,,,,,,,,,,John Sharpe,Australia,,,,,,,,,,,,,,,,,,,,,,,,
1970,"Montreal / Toronto, Toronto, Ontario",12.08.1970,GP,Outdoor: Clay,Draw: 32,,,$,R16,Ron Holmberg (USA),N/A,"W 6-4, 4-6, 8-6",http://www.atpworldtour.com/Share/Match-Facts-Pop-Up.aspx?t=421&y=1970&r=4&p=G077,Montreal / Toronto,R16,0,Richard Pancho Gonzales,Richard Pancho Gonzales,United States,,,,,,,,,,,,,,,,,,,,,,,,,Ron Holmberg,United States,,,,,,,,,,,,,,,,,,,,,,,,
1970,"Montreal / Toronto, Toronto, Ontario",12.08.1970,GP,Outdoor: Clay,Draw: 32,,,$,Q,Roger Taylor (GBR),N/A,"L 6-4, 2-6, 1-6",http://www.atpworldtour.com/Share/Match-Facts-Pop-Up.aspx?t=421&y=1970&r=5&p=G077,Montreal / Toronto,Q,0,Roger Taylor,Richard Pancho Gonzales,United States,,,,,,,,,,,,,,,,,,,,,,,,,Roger Taylor,Great Britain,,,,,,,,,,,,,,,,,,,,,,,,
1971,"Paris Indoor, France",08.11.1971,GP,Indoor: Clay,Draw: 32,,,$,R32,Michel Leclercq (FRA),N/A,"W 6-4, 3-6, 6-3",http://www.atpworldtour.com/Share/Match-Facts-Pop-Up.aspx?t=352&y=1971&r=3&p=G077,Paris Indoor,R32,0,Richard Pancho Gonzales,Richard Pancho Gonzales,United States,,,,,,,,,,,,,,,,,,,,,,,,,Michel Leclercq,France,,,,,,,,,,,,,,,,,,,,,,,,
1971,"Paris Indoor, France",08.11.1971,GP,Indoor: Clay,Draw: 32,,,$,R16,Zeljko Franulovic (CRO),N/A,"W 6-1, 6-3",http://www.atpworldtour.com/Share/Match-Facts-Pop-Up.aspx?t=352&y=1971&r=4&p=G077,Paris Indoor,R16,0,Richard Pancho Gonzales,Richard Pancho Gonzales,United States,,,,,,,,,,,,,,,,,,,,,,,,,Zeljko Franulovic,Croatia,,,,,,,,,,,,,,,,,,,,,,,,
1971,"Paris Indoor, France",08.11.1971,GP,Indoor: Clay,Draw: 32,,,$,Q,Marty Riessen (USA),N/A,L ,http://www.atpworldtour.com/Share/Match-Facts-Pop-Up.aspx?t=352&y=1971&r=5&p=G077,Paris Indoor,Q,0,Marty Riessen,Richard Pancho Gonzales,United States,,,,,,,,,,,,,,,,,,,,,,,,,Marty Riessen,United States,,,,,,,,,,,,,,,,,,,,,,,,
1971,"Los Angeles, California",20.09.1971,GP,Outdoor: Hard,Draw: 64,,,$,R64,D. Richard Russell (JAM),N/A,"W 6-4, 6-2",http://www.atpworldtour.com/Share/Match-Facts-Pop-Up.aspx?t=423&y=1971&r=2&p=G077,Los Angeles,R64,0,Richard Pancho Gonzales,Richard Pancho Gonzales,United States,,,,,,,,,,,,,,,,,,,,,,,,,D. Richard Russell,Jamaica,,,,,,,,,,,,,,,,,,,,,,,,
1971,"Los Angeles, California",20.09.1971,GP,Outdoor: Hard,Draw: 64,,,$,R32,Milan Holecek (CZE),N/A,"W 6-2, 6-2",http://www.atpworldtour.com/Share/Match-Facts-Pop-Up.aspx?t=423&y=1971&r=3&p=G077,Los Angeles,R32,0,Richard Pancho Gonzales,Richard Pancho Gonzales,United States,,,,,,,,,,,,,,,,,,,,,,,,,Milan Holecek,Czech Republic,,,,,,,,,,,,,,,,,,,,,,,,
1971,"Los Angeles, California",20.09.1971,GP,Outdoor: Hard,Draw: 64,,,$,R16,Jeff Borowiak (USA),N/A,"W 6-3, 6-4",http://www.atpworldtour.com/Share/Match-Facts-Pop-Up.aspx?t=423&y=1971&r=4&p=G077,Los Angeles,R16,0,Richard Pancho Gonzales,Richard Pancho Gonzales,United States,,,,,,,,,,,,,,,,,,,,,,,,,Jeff Borowiak,United States,,,,,,,,,,,,,,,,,,,,,,,,
1971,"Los Angeles, California",20.09.1971,GP,Outdoor: Hard,Draw: 64,,,$,Q,Roscoe Tanner (USA),N/A,"W 3-6, 6-1, 6-1",http://www.atpworldtour.com/Share/Match-Facts-Pop-Up.aspx?t=423&y=1971&r=5&p=G077,Los Angeles,Q,0,Richard Pancho Gonzales,Richard Pancho Gonzales,United States,,,,,,,,,,,,,,,,,,,,,,,,,Roscoe Tanner,United States,,,,,,,,,,,,,,,,,,,,,,,,
1971,"Los Angeles, California",20.09.1971,GP,Outdoor: Hard,Draw: 64,,,$,S,Cliff Richey (USA),N/A,"W 7-5, 6-2",http://www.atpworldtour.com/Share/Match-Facts-Pop-Up.aspx?t=423&y=1971&r=6&p=G077,Los Angeles,S,0,Richard Pancho Gonzales,Richard Pancho Gonzales,United States,,,,,,,,,,,,,,,,,,,,,,,,,Cliff Richey,United States,,,,,,,,,,,,,,,,,,,,,,,,
1971,"Los Angeles, California",20.09.1971,GP,Outdoor: Hard,Draw: 64,,,$,W,Jimmy Connors (USA),N/A,"W 3-6, 6-3, 6-3",http://www.atpworldtour.com/Share/Match-Facts-Pop-Up.aspx?t=423&y=1971&r=7&p=G077,Los Angeles,F,0,Richard Pancho Gonzales,Richard Pancho Gonzales,United States,,,,,,,,,,,,,,,,,,,,,,,,,Jimmy Connors,United States,,,,,,,,,,,,,,,,,,,,,,,,
1971,"US Open, NY, U.S.A.",01.09.1971,GS,Outdoor: Grass,Draw: 128,,,$,R128,Robert Kreiss (USA),N/A,"W 6-7, 6-4, 6-4, 6-4",http://www.atpworldtour.com/Share/Match-Facts-Pop-Up.aspx?t=560&y=1971&r=1&p=G077,US Open,R128,0,Richard Pancho Gonzales,Richard Pancho Gonzales,United States,,,,,,,,,,,,,,,,,,,,,,,,,Robert Kreiss,United States,,,,,,,,,,,,,,,,,,,,,,,,
1971,"US Open, NY, U.S.A.",01.09.1971,GS,Outdoor: Grass,Draw: 128,,,$,R64,Stanley Matthews (GBR),N/A,"W 7-6, 7-6, 6-3",http://www.atpworldtour.com/Share/Match-Facts-Pop-Up.aspx?t=560&y=1971&r=2&p=G077,US Open,R64,0,Richard Pancho Gonzales,Richard Pancho Gonzales,United States,,,,,,,,,,,,,,,,,,,,,,,,,Stanley Matthews,Great Britain,,,,,,,,,,,,,,,,,,,,,,,,
1971,"US Open, NY, U.S.A.",01.09.1971,GS,Outdoor: Grass,Draw: 128,,,$,R32,Manuel Orantes (ESP),N/A,"L 6-3, 4-6, 4-6, 1-6",http://www.atpworldtour.com/Share/Match-Facts-Pop-Up.aspx?t=560&y=1971&r=3&p=G077,US Open,R32,0,Manuel Orantes,Richard Pancho Gonzales,United States,,,,,,,,,,,,,,,,,,,,,,,,,Manuel Orantes,Spain,,,,,,,,,,,,,,,,,,,,,,,,
1971,"South Orange, East Orange, NJ, USA",01.09.1971,GP,Outdoor: Hard,Draw: 64,,,$,R64,Peter Curtis (GBR),N/A,"W 6-2, 6-1",http://www.atpworldtour.com/Share/Match-Facts-Pop-Up.aspx?t=707&y=1971&r=2&p=G077,South Orange,R64,0,Richard Pancho Gonzales,Richard Pancho Gonzales,United States,,,,,,,,,,,,,,,,,,,,,,,,,Peter Curtis,Great Britain,,,,,,,,,,,,,,,,,,,,,,,,
1971,"South Orange, East Orange, NJ, USA",01.09.1971,GP,Outdoor: Hard,Draw: 64,,,$,R32,Onny Parun (NZL),N/A,"L 3-6, 4-6",http://www.atpworldtour.com/Share/Match-Facts-Pop-Up.aspx?t=707&y=1971&r=3&p=G077,South Orange,R32,0,Onny Parun,Richard Pancho Gonzales,United States,,,,,,,,,,,,,,,,,,,,,,,,,Onny Parun,New Zealand,,,,,,,,,,,,,,,,,,,,,,,,
1971,"Montreal / Toronto, Montreal, Canada",16.08.1971,GP,Outdoor: Clay,Draw: 64,,,$,R64,Haroon Rahim (PAK),N/A,"L 6-7, 3-6",http://www.atpworldtour.com/Share/Match-Facts-Pop-Up.aspx?t=421&y=1971&r=2&p=G077,Montreal / Toronto,R64,0,Haroon Rahim,Richard Pancho Gonzales,United States,,,,,,,,,,,,,,,,,,,,,,,,,Haroon Rahim,Pakistan,,,,,,,,,,,,,,,,,,,,,,,,
1971,"Wimbledon, England",21.06.1971,GS,Outdoor: Grass,Draw: 128,,,$,R128,Manuel Orantes (ESP),N/A,"W 6-3, 6-4, 6-8, 4-6, 6-2",http://www.atpworldtour.com/Share/Match-Facts-Pop-Up.aspx?t=540&y=1971&r=1&p=G077,Wimbledon,R128,0,Richard Pancho Gonzales,Richard Pancho Gonzales,United States,,,,,,,,,,,,,,,,,,,,,,,,,Manuel Orantes,Spain,,,,,,,,,,,,,,,,,,,,,,,,
1971,"Wimbledon, England",21.06.1971,GS,Outdoor: Grass,Draw: 128,,,$,R64,Pierre Barthes (FRA),N/A,"L 5-7, 9-8, 6-3, 3-6, 4-6",http://www.atpworldtour.com/Share/Match-Facts-Pop-Up.aspx?t=540&y=1971&r=2&p=G077,Wimbledon,R64,0,Pierre Barthes,Richard Pancho Gonzales,United States,,,,,,,,,,,,,,,,,,,,,,,,,Pierre Barthes,France,,,,,,,,,,,,,,,,,,,,,,,,
1971,"London / Queen's Club, England",14.06.1971,GP,: ,Draw: 64,,,$,R64,Adriano Panatta (ITA),N/A,"W 9-8, 6-3",http://www.atpworldtour.com/Share/Match-Facts-Pop-Up.aspx?t=311&y=1971&r=2&p=G077,London / Queen's Club,R64,0,Richard Pancho Gonzales,Richard Pancho Gonzales,United States,,,,,,,,,,,,,,,,,,,,,,,,,Adriano Panatta,Italy,,,,,,,,,,,,,,,,,,,,,,,,
1971,"London / Queen's Club, England",14.06.1971,GP,: ,Draw: 64,,,$,R32,Brian Fairlie (NZL),N/A,"W 9-7, 6-3",http://www.atpworldtour.com/Share/Match-Facts-Pop-Up.aspx?t=311&y=1971&r=3&p=G077,London / Queen's Club,R32,0,Richard Pancho Gonzales,Richard Pancho Gonzales,United States,,,,,,,,,,,,,,,,,,,,,,,,,Brian Fairlie,New Zealand,,,,,,,,,,,,,,,,,,,,,,,,
1971,"London / Queen's Club, England",14.06.1971,GP,: ,Draw: 64,,,$,R16,Marty Riessen (USA),N/A,"L 3-6, 2-6",http://www.atpworldtour.com/Share/Match-Facts-Pop-Up.aspx?t=311&y=1971&r=4&p=G077,London / Queen's Club,R16,0,Marty Riessen,Richard Pancho Gonzales,United States,,,,,,,,,,,,,,,,,,,,,,,,,Marty Riessen,United States,,,,,,,,,,,,,,,,,,,,,,,,
1972,"Los Angeles WCT, CA, U.S.A.",25.09.1972,GP,Outdoor: Hard,Draw: 64,,,$,R64,Ove Nils Bengtson (SWE),N/A,"W 6-4, 7-6",http://www.atpworldtour.com/Share/Match-Facts-Pop-Up.aspx?t=423&y=1972&r=2&p=G077,Los Angeles WCT,R64,0,Richard Pancho Gonzales,Richard Pancho Gonzales,United States,,,,,,,,,,,,,,,,,,,,,,,,,Ove Nils Bengtson,Sweden,,,,,,,,,,,,,,,,,,,,,,,,
1972,"Los Angeles WCT, CA, U.S.A.",25.09.1972,GP,Outdoor: Hard,Draw: 64,,,$,R32,Roscoe Tanner (USA),N/A,"L 6-7, 6-7",http://www.atpworldtour.com/Share/Match-Facts-Pop-Up.aspx?t=423&y=1972&r=3&p=G077,Los Angeles WCT,R32,0,Roscoe Tanner,Richard Pancho Gonzales,United States,,,,,,,,,,,,,,,,,,,,,,,,,Roscoe Tanner,United States,,,,,,,,,,,,,,,,,,,,,,,,
1972,"Albany, Albany, CA, U.S.A.",25.09.1972,GP,Outdoor: Carpet,Draw: 64,,,$,R64,David Mitchell (NZL),N/A,"L 0-6, 6-2, 3-6",http://www.atpworldtour.com/Share/Match-Facts-Pop-Up.aspx?t=424&y=1972&r=2&p=G077,Albany,R64,0,QUALIFIER QUALIFIER14,Richard Pancho Gonzales,United States,,,,,,,,,,,,,,,,,,,,,,,,,QUALIFIER QUALIFIER14,,,,,,,,,,,,,,,,,,,,,,,,,
1972,"Albany, Albany, CA, U.S.A.",25.09.1972,GP,Outdoor: Carpet,Draw: 64,,,$,R64,QUALIFIER QUALIFIER14 (),N/A,"L 0-6, 6-2, 3-6",http://www.atpworldtour.com/Share/Match-Facts-Pop-Up.aspx?t=424&y=1972&r=2&p=G077,Albany,R64,0,QUALIFIER QUALIFIER14,Richard Pancho Gonzales,United States,,,,,,,,,,,,,,,,,,,,,,,,,QUALIFIER QUALIFIER14,,,,,,,,,,,,,,,,,,,,,,,,,
1972,"US Open, NY, U.S.A.",10.09.1972,GS,Outdoor: Grass,Draw: 128,,,$,R128,Patrice Dominguez (FRA),N/A,"L 6-4, 3-6, 2-6, 3-6",http://www.atpworldtour.com/Share/Match-Facts-Pop-Up.aspx?t=560&y=1972&r=1&p=G077,US Open,R128,0,Patrice Dominguez,Richard Pancho Gonzales,United States,,,,,,,,,,,,,,,,,,,,,,,,,Patrice Dominguez,France,,,,,,,,,,,,,,,,,,,,,,,,
1972,"Cleveland WCT, OH, U.S.A.",13.08.1972,GP,Outdoor: Hard,Draw: 32,,,$,R32,Bob Carmichael (AUS),N/A,"L 6-2, 5-7, 4-6",http://www.atpworldtour.com/Share/Match-Facts-Pop-Up.aspx?t=320&y=1972&r=3&p=G077,Cleveland WCT,R32,0,Bob Carmichael,Richard Pancho Gonzales,United States,,,,,,,,,,,,,,,,,,,,,,,,,Bob Carmichael,Australia,,,,,,,,,,,,,,,,,,,,,,,,
1972,"Cincinnati, OH, U.S.A.",31.07.1972,GP,Outdoor: Clay,Draw: 64,,,$,R64,Mike Estep (USA),N/A,"L 3-6, 1-6",http://www.atpworldtour.com/Share/Match-Facts-Pop-Up.aspx?t=422&y=1972&r=2&p=G077,Cincinnati,R64,0,Mike Estep,Richard Pancho Gonzales,United States,,,,,,,,,,,,,,,,,,,,,,,,,Mike Estep,United States,,,,,,,,,,,,,,,,,,,,,,,,
1972,"Columbus, Columbus, OH",23.07.1972,GP,Outdoor: Hard,Draw: 32,,,$,R32,Georges Goven (FRA),N/A,W  DEF,http://www.atpworldtour.com/Share/Match-Facts-Pop-Up.aspx?t=343&y=1972&r=3&p=G077,Columbus,R32,0,Richard Pancho Gonzales,Richard Pancho Gonzales,United States,,,,,,,,,,,,,,,,,,,,,,,,,Georges Goven,France,,,,,,,,,,,,,,,,,,,,,,,,
1972,"Columbus, Columbus, OH",23.07.1972,GP,Outdoor: Hard,Draw: 32,,,$,R16,Mike Estep (USA),N/A,"W 6-3, 6-3",http://www.atpworldtour.com/Share/Match-Facts-Pop-Up.aspx?t=343&y=1972&r=4&p=G077,Columbus,R16,0,Richard Pancho Gonzales,Richard Pancho Gonzales,United States,,,,,,,,,,,,,,,,,,,,,,,,,Mike Estep,United States,,,,,,,,,,,,,,,,,,,,,,,,
1972,"Columbus, Columbus, OH",23.07.1972,GP,Outdoor: Hard,Draw: 32,,,$,Q,Andrew Pattison (USA),N/A,"L 6-2, 3-6, 4-6",http://www.atpworldtour.com/Share/Match-Facts-Pop-Up.aspx?t=343&y=1972&r=5&p=G077,Columbus,Q,0,Andrew Pattison,Richard Pancho Gonzales,United States,,,,,,,,,,,,,,,,,,,,,,,,,Andrew Pattison,United States,,,,,,,,,,,,,,,,,,,,,,,,
1972,"Wimbledon, England",26.06.1972,GS,Outdoor: Grass,Draw: 128,,,$,R128,Antonio Munoz (ESP),N/A,"W 6-2, 7-5, 6-1",http://www.atpworldtour.com/Share/Match-Facts-Pop-Up.aspx?t=540&y=1972&r=1&p=G077,Wimbledon,R128,0,Richard Pancho Gonzales,Richard Pancho Gonzales,United States,,,,,,,,,,,,,,,,,,,,,,,,,Antonio Munoz,Spain,,,,,,,,,,,,,,,,,,,,,,,,
1972,"Wimbledon, England",26.06.1972,GS,Outdoor: Grass,Draw: 128,,,$,R64,Colin Dibley (AUS),N/A,"L 3-6, 3-6, 6-8",http://www.atpworldtour.com/Share/Match-Facts-Pop-Up.aspx?t=540&y=1972&r=2&p=G077,Wimbledon,R64,0,Colin Dibley,Richard Pancho Gonzales,United States,,,,,,,,,,,,,,,,,,,,,,,,,Colin Dibley,Australia,,,,,,,,,,,,,,,,,,,,,,,,
1972,"London / Queen's Club, England",24.06.1972,GP,: Grass,Draw: 64,,,$,R64,Derek Schroder (RSA),N/A,"W 6-3, 6-2",http://www.atpworldtour.com/Share/Match-Facts-Pop-Up.aspx?t=311&y=1972&r=2&p=G077,London / Queen's Club,R64,0,Richard Pancho Gonzales,Richard Pancho Gonzales,United States,,,,,,,,,,,,,,,,,,,,,,,,,Derek Schroder,South Africa,,,,,,,,,,,,,,,,,,,,,,,,
1972,"London / Queen's Club, England",24.06.1972,GP,: Grass,Draw: 64,,,$,R32,Geoff Masters (AUS),N/A,"W 6-4, 1-6, 6-3",http://www.atpworldtour.com/Share/Match-Facts-Pop-Up.aspx?t=311&y=1972&r=3&p=G077,London / Queen's Club,R32,0,Richard Pancho Gonzales,Richard Pancho Gonzales,United States,,,,,,,,,,,,,,,,,,,,,,,,,Geoff Masters,Australia,,,,,,,,,,,,,,,,,,,,,,,,
1972,"London / Queen's Club, England",24.06.1972,GP,: Grass,Draw: 64,,,$,R16,Karl Meiler (GER),N/A,"W 6-4, 9-7",http://www.atpworldtour.com/Share/Match-Facts-Pop-Up.aspx?t=311&y=1972&r=4&p=G077,London / Queen's Club,R16,0,Richard Pancho Gonzales,Richard Pancho Gonzales,United States,,,,,,,,,,,,,,,,,,,,,,,,,Karl Meiler,Germany,,,,,,,,,,,,,,,,,,,,,,,,
1972,"London / Queen's Club, England",24.06.1972,GP,: Grass,Draw: 64,,,$,Q,Roscoe Tanner (USA),N/A,"W 7-5, 6-1",http://www.atpworldtour.com/Share/Match-Facts-Pop-Up.aspx?t=311&y=1972&r=5&p=G077,London / Queen's Club,Q,0,Richard Pancho Gonzales,Richard Pancho Gonzales,United States,,,,,,,,,,,,,,,,,,,,,,,,,Roscoe Tanner,United States,,,,,,,,,,,,,,,,,,,,,,,,
1972,"London / Queen's Club, England",24.06.1972,GP,: Grass,Draw: 64,,,$,S,John Paish (GBR),N/A,"L 7-5, 2-3 RET",http://www.atpworldtour.com/Share/Match-Facts-Pop-Up.aspx?t=311&y=1972&r=6&p=G077,London / Queen's Club,S,0,John Paish,Richard Pancho Gonzales,United States,,,,,,,,,,,,,,,,,,,,,,,,,John Paish,Great Britain,,,,,,,,,,,,,,,,,,,,,,,,
1972,"Los Angeles, CA, U.S.A.",14.02.1972,GP,Indoor: ,Draw: 32,,,$,R32,Joaquin Loyo-Mayo (MEX),N/A,"W 6-2, 6-2",http://www.atpworldtour.com/Share/Match-Facts-Pop-Up.aspx?t=2057&y=1972&r=3&p=G077,Los Angeles,R32,0,Richard Pancho Gonzales,Richard Pancho Gonzales,United States,,,,,,,,,,,,,,,,,,,,,,,,,Joaquin Loyo-Mayo,Mexico,,,,,,,,,,,,,,,,,,,,,,,,
1972,"Los Angeles, CA, U.S.A.",14.02.1972,GP,Indoor: ,Draw: 32,,,$,R16,Ion Tiriac (ROU),N/A,"W 3-6, 6-2, 6-3",http://www.atpworldtour.com/Share/Match-Facts-Pop-Up.aspx?t=2057&y=1972&r=4&p=G077,Los Angeles,R16,0,Richard Pancho Gonzales,Richard Pancho Gonzales,United States,,,,,,,,,,,,,,,,,,,,,,,,,Ion Tiriac,Romania,,,,,,,,,,,,,,,,,,,,,,,,
1972,"Los Angeles, CA, U.S.A.",14.02.1972,GP,Indoor: ,Draw: 32,,,$,Q,Thomaz Koch (BRA),N/A,"L 1-6, 4-6",http://www.atpworldtour.com/Share/Match-Facts-Pop-Up.aspx?t=2057&y=1972&r=5&p=G077,Los Angeles,Q,0,Thomaz Koch,Richard Pancho Gonzales,United States,,,,,,,,,,,,,,,,,,,,,,,,,Thomaz Koch,Brazil,,,,,,,,,,,,,,,,,,,,,,,,
1972,"Des Moines, Iowa",06.02.1972,GP,Indoor: ,Draw: 16,,,$,R16,Jim Watson (USA),N/A,"W 6-0, 6-3",http://www.atpworldtour.com/Share/Match-Facts-Pop-Up.aspx?t=2061&y=1972&r=4&p=G077,Des Moines,R16,0,Richard Pancho Gonzales,Richard Pancho Gonzales,United States,,,,,,,,,,,,,,,,,,,,,,,,,Jim Watson,United States,,,,,,,,,,,,,,,,,,,,,,,,
1972,"Des Moines, Iowa",06.02.1972,GP,Indoor: ,Draw: 16,,,$,Q,Jim Osborne (USA),N/A,"W 6-4, 7-6",http://www.atpworldtour.com/Share/Match-Facts-Pop-Up.aspx?t=2061&y=1972&r=5&p=G077,Des Moines,Q,0,Richard Pancho Gonzales,Richard Pancho Gonzales,United States,,,,,,,,,,,,,,,,,,,,,,,,,Jim Osborne,United States,,,,,,,,,,,,,,,,,,,,,,,,
1972,"Des Moines, Iowa",06.02.1972,GP,Indoor: ,Draw: 16,,,$,S,Juan Gisbert Sr (ESP),N/A,"W 6-4, 6-2",http://www.atpworldtour.com/Share/Match-Facts-Pop-Up.aspx?t=2061&y=1972&r=6&p=G077,Des Moines,S,0,Richard Pancho Gonzales,Richard Pancho Gonzales,United States,,,,,,,,,,,,,,,,,,,,,,,,,Juan Gisbert Sr,Spain,,,,,,,,,,,,,,,,,,,,,,,,
1972,"Des Moines, Iowa",06.02.1972,GP,Indoor: ,Draw: 16,,,$,W,Georges Goven (FRA),N/A,"W 3-6, 4-6, 6-3, 6-4, 6-2",http://www.atpworldtour.com/Share/Match-Facts-Pop-Up.aspx?t=2061&y=1972&r=7&p=G077,Des Moines,F,0,Richard Pancho Gonzales,Richard Pancho Gonzales,United States,,,,,,,,,,,,,,,,,,,,,,,,,Georges Goven,France,,,,,,,,,,,,,,,,,,,,,,,,
1972,"London Indoor, England",22.01.1972,GP,Indoor: Hard,Draw: 16,,,$,R16,Frew McMillan (RSA),N/A,"W 6-2, 3-6, 7-5",http://www.atpworldtour.com/Share/Match-Facts-Pop-Up.aspx?t=2064&y=1972&r=4&p=G077,London Indoor,R16,0,Richard Pancho Gonzales,Richard Pancho Gonzales,United States,,,,,,,,,,,,,,,,,,,,,,,,,Frew McMillan,South Africa,,,,,,,,,,,,,,,,,,,,,,,,
1972,"London Indoor, England",22.01.1972,GP,Indoor: Hard,Draw: 16,,,$,Q,Clark Graebner (USA),N/A,"L 2-6, 6-7",http://www.atpworldtour.com/Share/Match-Facts-Pop-Up.aspx?t=2064&y=1972&r=5&p=G077,London Indoor,Q,0,Clark Graebner,Richard Pancho Gonzales,United States,,,,,,,,,,,,,,,,,,,,,,,,,Clark Graebner,United States,,,,,,,,,,,,,,,,,,,,,,,,
1973,"Los Angeles, CA, U.S.A.",17.09.1973,GP,Outdoor: Hard,Draw: 64,,,$,R64,Tom Edlefsen (USA),N/A,"W 6-4, 6-2",http://www.atpworldtour.com/Share/Match-Facts-Pop-Up.aspx?t=423&y=1973&r=2&p=G077,Los Angeles,R64,0,Richard Pancho Gonzales,Richard Pancho Gonzales,United States,,,,,,,,,,,,,,,,,,,,,,,,,Tom Edlefsen,United States,,,,,,,,,,,,,,,,,,,,,,,,
1973,"Los Angeles, CA, U.S.A.",17.09.1973,GP,Outdoor: Hard,Draw: 64,,,$,R32,Jimmy Connors (USA),N/A,"L 6-7, 3-6",http://www.atpworldtour.com/Share/Match-Facts-Pop-Up.aspx?t=423&y=1973&r=3&p=G077,Los Angeles,R32,0,Jimmy Connors,Richard Pancho Gonzales,United States,,,,,,,,,,,,,,,,,,,,,,,,,Jimmy Connors,United States,,,,,,,,,,,,,,,,,,,,,,,,
1973,"US Open, NY, U.S.A.",29.08.1973,GS,Outdoor: Grass,Draw: 128,,,$,R128,Tom Okker (NED),N/A,"L 7-6, 3-6, 1-6, 4-6",http://www.atpworldtour.com/Share/Match-Facts-Pop-Up.aspx?t=560&y=1973&r=1&p=G077,US Open,R128,0,Tom Okker,Richard Pancho Gonzales,United States,,,,,,,,,,,,,,,,,,,,,,,,,Tom Okker,Netherlands,,,,,,,,,,,,,,,,,,,,,,,,
1973,"South Orange, NJ, U.S.A.",20.08.1973,GP,Outdoor: Grass,Draw: 32,,,$,R32,John Lloyd (GBR),N/A,"W 7-6, 6-4",http://www.atpworldtour.com/Share/Match-Facts-Pop-Up.aspx?t=707&y=1973&r=3&p=G077,South Orange,R32,0,Richard Pancho Gonzales,Richard Pancho Gonzales,United States,,,,,,,,,,,,,,,,,,,,,,,,,John Lloyd,Great Britain,,,,,,,,,,,,,,,,,,,,,,,,
1973,"South Orange, NJ, U.S.A.",20.08.1973,GP,Outdoor: Grass,Draw: 32,,,$,R16,Sandy Mayer (USA),N/A,"W 6-7, 7-6, 6-3",http://www.atpworldtour.com/Share/Match-Facts-Pop-Up.aspx?t=707&y=1973&r=4&p=G077,South Orange,R16,0,Richard Pancho Gonzales,Richard Pancho Gonzales,United States,,,,,,,,,,,,,,,,,,,,,,,,,Sandy Mayer,United States,,,,,,,,,,,,,,,,,,,,,,,,
1973,"South Orange, NJ, U.S.A.",20.08.1973,GP,Outdoor: Grass,Draw: 32,,,$,Q,Paul Gerken (USA),N/A,"W 7-6, 7-6",http://www.atpworldtour.com/Share/Match-Facts-Pop-Up.aspx?t=707&y=1973&r=5&p=G077,South Orange,Q,0,Richard Pancho Gonzales,Richard Pancho Gonzales,United States,,,,,,,,,,,,,,,,,,,,,,,,,Paul Gerken,United States,,,,,,,,,,,,,,,,,,,,,,,,
1973,"South Orange, NJ, U.S.A.",20.08.1973,GP,Outdoor: Grass,Draw: 32,,,$,S,Vijay Amritraj (IND),N/A,"L 2-6, 3-6",http://www.atpworldtour.com/Share/Match-Facts-Pop-Up.aspx?t=707&y=1973&r=6&p=G077,South Orange,S,0,Vijay Amritraj,Richard Pancho Gonzales,United States,,,,,,,,,,,,,,,,,,,,,,,,,Vijay Amritraj,India,,,,,,,,,,,,,,,,,,,,,,,,
1973,"Columbus, OH, U.S.A.",05.08.1973,GP,Outdoor: Hard,Draw: 32,,,$,R32,Hans Gildemeister (CHI),N/A,"W 6-4, 7-6",http://www.atpworldtour.com/Share/Match-Facts-Pop-Up.aspx?t=343&y=1973&r=3&p=G077,Columbus,R32,0,Richard Pancho Gonzales,Richard Pancho Gonzales,United States,,,,,,,,,,,,,,,,,,,,,,,,,Hans Gildemeister,Chile,,,,,,,,,,,,,,,,,,,,,,,,
1973,"Columbus, OH, U.S.A.",05.08.1973,GP,Outdoor: Hard,Draw: 32,,,$,R16,Ian Fletcher (AUS),N/A,"W 1-6, 7-6, 6-4",http://www.atpworldtour.com/Share/Match-Facts-Pop-Up.aspx?t=343&y=1973&r=4&p=G077,Columbus,R16,0,Richard Pancho Gonzales,Richard Pancho Gonzales,United States,,,,,,,,,,,,,,,,,,,,,,,,,Ian Fletcher,Australia,,,,,,,,,,,,,,,,,,,,,,,,
1973,"Columbus, OH, U.S.A.",05.08.1973,GP,Outdoor: Hard,Draw: 32,,,$,Q,Jimmy Connors (USA),N/A,"L 7-6, 3-6, 3-6",http://www.atpworldtour.com/Share/Match-Facts-Pop-Up.aspx?t=343&y=1973&r=5&p=G077,Columbus,Q,0,Jimmy Connors,Richard Pancho Gonzales,United States,,,,,,,,,,,,,,,,,,,,,,,,,Jimmy Connors,United States,,,,,,,,,,,,,,,,,,,,,,,,
1973,"Des Moines, Iowa",04.02.1973,GP,Indoor: Hard,Draw: 32,,,$,R32,Bye,N/A,W ,http://www.atpworldtour.com/Share/Match-Facts-Pop-Up.aspx?t=2061&y=1973&r=3&p=G077,Des Moines,R32,0,Richard Pancho Gonzales,Richard Pancho Gonzales,United States,,,,,,,,,,,,,,,,,,,,,,,,,N/A Bye,,,,,,,,,,,,,,,,,,,,,,,,,
1973,"Des Moines, Iowa",04.02.1973,GP,Indoor: Hard,Draw: 32,,,$,R16,Nicholas Kalogeropoulos (GRE),N/A,"L 6-7, 4-6",http://www.atpworldtour.com/Share/Match-Facts-Pop-Up.aspx?t=2061&y=1973&r=4&p=G077,Des Moines,R16,0,Nicholas Kalogeropoulos,Richard Pancho Gonzales,United States,,,,,,,,,,,,,,,,,,,,,,,,,Nicholas Kalogeropoulos,Greece,,,,,,,,,,,,,,,,,,,,,,,,
1976,"Salisbury, MD, U.S.A.",14.02.1976,GP,Indoor: Carpet,Draw: 64,,,$,R64,Gene Mayer (USA),N/A,"L 3-6, 3-6",http://www.atpworldtour.com/Share/Match-Facts-Pop-Up.aspx?t=355&y=1976&r=2&p=G077,Salisbury,R64,0,Gene Mayer,Richard Pancho Gonzales,United States,,,,,,,,,,,,,,,,,,,,,,,,,Gene Mayer,United States,,,,,,,,,,,,,,,,,,,,,,,,
