overview,Jimmy,Connors,USA,1952.09.02,1952,2,1972,70,155,178,70,"Belleville, IL, U.S.A."
overview,Roger,Federer,SUI,1981.08.08,1981,8,1998,85,187,185,73,"Basel, Switzerland"
overview,Ivan,Lendl,USA,1960.03.07,1960,7,1978,79,175,188,74,"Ostrava, Czechoslovakia"
overview,Novak,Djokovic,SRB,1987.05.22,1987,22,2003,77,170,188,74,"Belgrade, Serbia"
overview,Rafael,Nadal,ESP,1986.06.03,1986,3,2001,85,187,185,73,"Manacor, Mallorca, Spain"
overview,John,McEnroe,USA,1959.02.16,1959,16,1978,75,165,180,71,"Wiesbaden, Germany"
overview,Bjorn,Borg,SWE,1956.06.06,1956,6,1973,73,160,180,71,"Sodertalje, Sweden"
overview,Pete,Sampras,USA,1971.08.12,1971,12,1988,77,170,185,73,"Washington, D.C., USA"
overview,Ilie,Nastase,ROU,1946.07.19,1946,19,1969,75,165,183,72,"Bucharest, Romania"
overview,Guillermo,Vilas,ARG,1952.08.17,1952,17,,75,165,180,71,"Buenos Aires, Argentina"
overview,Andre,Agassi,USA,1970.04.29,1970,29,1986,80,177,180,71,"Las Vegas, Nevada, USA"
overview,Rod,Laver,AUS,1938.08.09,1938,9,,68,150,173,68,"Rockhampton, Qld, Australia"
overview,Boris,Becker,GER,1967.11.22,1967,22,1984,85,187,191,75,"Leimen, Germany"
overview,Andy,Murray,GBR,1987.05.15,1987,15,2005,82,181,191,75,"Glasgow, Scotland"
overview,Thomas,Muster,AUT,1967.10.02,1967,2,1985,77,170,180,71,"Leibnitz, Austria"
overview,Stefan,Edberg,SWE,1966.01.19,1966,19,1983,77,170,188,74,"Vastervik, Sweden"
overview,Stan,Smith,USA,1946.12.14,1946,14,,84,185,193,76,"Pasadena, CA"
overview,Ken,Rosewall,AUS,1934.11.02,1934,2,,61,135,170,67,"Sydney, Australia"
overview,John,Newcombe,AUS,1944.05.23,1944,23,1967,82,180,183,72,
overview,Michael,Chang,USA,1972.02.22,1972,22,1988,73,160,175,69,"Hoboken, New Jersey, USA"
overview,Manuel,Orantes,ESP,1949.02.06,1949,6,,75,165,178,70,"Granada, Spain"
overview,Arthur,Ashe,USA,1943.07.10,1943,10,1969,73,160,185,73,"Richmond, VA"
overview,Mats,Wilander,SWE,1964.08.22,1964,22,1981,77,170,183,72,"Vaxjo, Sweden"
overview,Andy,Roddick,USA,1982.08.30,1982,30,2000,88,195,188,74,"Omaha, Nebraska, USA"
overview,Lleyton,Hewitt,AUS,1981.02.24,1981,24,1998,77,170,178,70,"Adelaide, Australia"
overview,Tom,Okker,NED,1944.02.22,1944,22,1968,,,178,70,"Amsterdam, The Netherlands"
overview,Brian,Gottfried,USA,1952.01.27,1952,27,,75,165,183,72,"Baltimore, MD"
overview,Jose-Luis,Clerc,ARG,1958.08.16,1958,16,,80,176,185,73,"Buenos Aires, Argentina"
overview,Yevgeny,Kafelnikov,,1974.02.18,1974,18,1992,84,185,191,75,"Sochi, Russia"
overview,David,Ferrer,ESP,1982.04.02,1982,2,2000,73,161,175,69,"Javea, Spain"
overview,Vitas,Gerulaitis,USA,1954.07.26,1954,26,,70,155,183,72,"Brooklyn, NY"
overview,Harold,Solomon,USA,1952.09.17,1952,17,,59,130,168,66,"Washington, D.C."
overview,Goran,Ivanisevic,CRO,1971.09.13,1971,13,1988,82,180,193,76,"Split, Croatia"
overview,Yannick,Noah,FRA,1960.05.18,1960,18,,82,180,193,76,"Sedan, France"
overview,Jim,Courier,USA,1970.08.17,1970,17,1988,83,182,185,73,"Sanford, Florida, USA"
overview,Juan Martin,del Potro,ARG,1988.09.23,1988,23,2005,97,214,198,78,"Tandil, Argentina"
overview,Eddie,Dibbs,USA,1951.02.23,1951,23,,73,160,170,67,"Brooklyn, NY"
overview,Nikolay,Davydenko,,1981.06.02,1981,2,1999,72,158,178,70,"Severodonezk, Ukraine"
overview,Andres,Gomez,ECU,1960.02.27,1960,27,1979,84,185,193,76,"Guayaquil, Ecuador"
overview,Brad,Gilbert,USA,1961.08.09,1961,9,1982,79,175,185,73,"Oakland, CA"
overview,Raul,Ramirez,MEX,1953.06.20,1953,20,,79,175,183,72,"Ensenada, Mexico"
overview,Marin,Cilic,CRO,1988.09.28,1988,28,2005,89,196,198,78,"Medjugorje, Bosnia-Herzegovina"
overview,Carlos,Moya,ESP,1976.08.27,1976,27,1995,88,195,191,75,"Palma de Mallorca, Spain"
overview,Gustavo,Kuerten,BRA,1976.09.10,1976,10,1995,83,183,191,75,"Florianopolis, Brazil"
overview,Alexander,Zverev,GER,1997.04.20,1997,20,2013,90,198,198,78,"Hamburg, Germany"
overview,Thomas,Enqvist,SWE,1974.03.13,1974,13,1991,88,195,191,75,"Stockholm, Sweden"
overview,Jo-Wilfried,Tsonga,FRA,1985.04.17,1985,17,2004,93,205,188,74,"Le Mans, France"
overview,Jose,Higueras,ESP,1953.03.01,1953,1,1973,75,165,178,70,"Granada, Spain"
overview,Marcelo,Rios,CHI,1975.12.26,1975,26,1994,73,160,175,69,"Santiago, Chile"
overview,Michael,Stich,GER,1968.10.18,1968,18,1988,79,175,193,76,"Pinneberg, Germany"
overview,Richard,Krajicek,NED,1971.12.06,1971,6,1989,95,209,196,77,"Rotterdam, The Netherlands"
overview,Alex,Corretja,ESP,1974.04.11,1974,11,1991,73,160,180,71,"Barcelona, Spain"
overview,Cliff,Richey,USA,1946.12.31,1946,31,1964,77,170,175,69,"San Angelo, TX, U.S.A."
overview,Dominic,Thiem,AUT,1993.09.03,1993,3,2011,79,174,185,73,"Wiener Neustadt, Austria"
overview,Stan,Wawrinka,SUI,1985.03.28,1985,28,2002,81,179,183,72,"Lausanne, Switzerland"
overview,Roscoe,Tanner,USA,1951.10.15,1951,15,,77,170,183,72,"Chattanooga, TN"
overview,John,Isner,USA,1985.04.26,1985,26,2007,108,238,208,82,"Greensboro, NC, USA"
overview,Juan Carlos,Ferrero,ESP,1980.02.12,1980,12,1998,73,160,183,72,"Onteniente, Spain"
overview,Daniil,Medvedev,,1996.02.11,1996,11,2014,83,182,198,78,"Moscow, Russia"
overview,Marat,Safin,,1980.01.27,1980,27,1997,88,195,193,76,"Moscow, Russia"
overview,Richard,Gasquet,FRA,1986.06.18,1986,18,2002,79,174,183,72,"Beziers, France"
overview,Wojtek,Fibak,POL,1952.08.03,1952,3,,73,160,183,72,"Poznan, Poland"
overview,Sergi,Bruguera,ESP,1971.01.16,1971,16,1988,76,167,188,74,"Barcelona, Spain"
overview,Roy,Emerson,AUS,1936.11.03,1936,3,,79,175,183,72,"Blackbutt, QLDS, Australia"
overview,Gene,Mayer,USA,1956.04.11,1956,11,,68,150,183,72,"Flushing, NY"
overview,Greg,Rusedski,GBR,1973.09.06,1973,6,1991,91,200,193,76,"Montreal, Quebec, Canada"
overview,Emilio,Sanchez,ESP,1965.05.29,1965,29,1984,74,164,180,71,"Madrid, Spain"
overview,Magnus,Gustafsson,SWE,1967.01.03,1967,3,1986,78,172,185,73,"Lund, Sweden"
overview,Marc,Rosset,SUI,1970.11.07,1970,7,1988,88,194,201,79,"Geneva, Switzerland"
overview,Wayne,Ferreira,RSA,1971.09.15,1971,15,1989,91,200,185,73,"Johannesburg, South Africa"
overview,Tommy,Haas,GER,1978.04.03,1978,3,1996,84,185,188,74,"Hamburg, Germany"
overview,Vijay,Amritraj,IND,1953.12.14,1953,14,0,86,190,193,76,"Madras, India"
overview,Alberto,Berasategui,ESP,1973.06.28,1973,28,1991,66,145,173,68,"Bilbao, Spain"
overview,Gilles,Simon,FRA,1984.12.27,1984,27,2002,70,154,183,72,"Nice, France"
overview,Johan,Kriek,USA,1958.04.05,1958,5,1978,76,168,175,69,"Pongola, South Africa"
overview,Tomas,Berdych,CZE,1985.09.17,1985,17,2002,91,200,196,77,"Valasske Mezirici, CZE"
overview,Balazs,Taroczy,HUN,1954.05.09,1954,9,,77,170,183,72,"Budapest, Hungary"
overview,Nicolas,Almagro,ESP,1985.08.21,1985,21,2003,86,190,183,72,"Murcia, Spain"
overview,Joakim,Nystrom,SWE,1963.02.20,1963,20,,70,155,188,74,"Skelleftea, Sweden"
overview,Kei,Nishikori,JPN,1989.12.29,1989,29,2007,73,161,178,70,"Shimane, Japan"
overview,Fernando,Gonzalez,CHI,1980.07.29,1980,29,1999,82,180,183,72,"Santiago, Chile"
overview,Karel,Novacek,CZE,1965.03.30,1965,30,1984,82,180,191,75,"Prostejov, Czech Republic"
overview,Albert,Costa,ESP,1975.06.25,1975,25,1993,78,172,180,71,"Lerida, Spain"
overview,Sandy,Mayer,USA,1952.04.05,1952,5,,70,155,178,70,"Flushing, NY"
overview,Tony,Roche,AUS,1945.05.17,1945,17,,79,175,178,70,"Wagga Wagga, Australia"
overview,Tim,Mayotte,USA,1960.08.03,1960,3,,84,185,191,75,"Springfield, MA"
overview,Tommy,Robredo,ESP,1982.05.01,1982,1,1998,75,165,180,71,"Hostalric, Spain"
overview,Andrey,Rublev,,1997.10.20,1997,20,2014,75,165,188,74,"Moscow, Russia"
overview,Martin,Jaite,ARG,1964.10.09,1964,9,1983,70,155,178,70,"Buenos Aires, Argentina"
overview,Magnus,Norman,SWE,1976.05.30,1976,30,1995,89,196,188,74,"Filipstad, Sweden"
overview,Mark,Cox,GBR,1943.07.05,1943,5,,,,,,"Leicester, England"
overview,Guy,Forget,FRA,1965.01.04,1965,4,1982,80,177,191,75,"Casablanca, Morocco"
overview,Patrick,Rafter,AUS,1972.12.28,1972,28,1991,86,190,185,73,"Mount Isa, QSLD, Australia"
overview,Tim,Henman,GBR,1974.09.06,1974,6,1993,77,170,185,73,"Oxford, England"
overview,Aaron,Krickstein,USA,1967.08.02,1967,2,1983,73,160,183,72,"Ann Arbor, MI"
overview,Roberto,Bautista Agut,ESP,1988.04.14,1988,14,2005,75,165,183,72,"Castellon de la Plana, Spain"
overview,Mark,Philippoussis,AUS,1976.11.07,1976,7,1994,103,226,196,77,"Melbourne, Victoria, Australia"
overview,David,Nalbandian,ARG,1982.01.01,1982,1,2000,79,175,180,71,"Cordoba, Argentina"
overview,Andrei,Medvedev,UKR,1974.08.31,1974,31,1991,91,200,193,76,"Kiev, Ukraine"
overview,Victor,Pecci,PAR,1955.10.15,1955,15,,86,190,193,76,"Asuncion, Paraguay"
overview,Miloslav,Mecir Sr.,SVK,1964.05.19,1964,19,,82,180,191,75,"Bojnice, Slovak Republic"
overview,Petr,Korda,CZE,1968.01.23,1968,23,1987,86,189,191,75,"Prague, Czech Republic"
overview,Gael,Monfils,FRA,1986.09.01,1986,1,2004,85,187,193,76,"Paris, France"
overview,Adriano,Panatta,ITA,1950.07.09,1950,9,,,,183,72,"Rome, Italy"
overview,Ivan,Ljubicic,CRO,1979.03.19,1979,19,1998,92,202,193,76,"Banja Luka, Bosnia-Herzegovina"
overview,Robin,Soderling,SWE,1984.08.14,1984,14,2001,87,192,193,76,"Tibro, Sweden"
overview,Henri,Leconte,FRA,1963.07.04,1963,4,1980,79,175,185,73,"Lillers, France"
overview,Bill,Tilden,USA,1893.02.10,1893,10,,,,,,"Philadelphia, PA, USA"
overview,Felix,Mantilla,ESP,1974.09.23,1974,23,1993,78,172,180,71,"Barcelona, Spain"
overview,Eliot,Teltscher,USA,1959.03.15,1959,15,1977,68,150,178,70,"Palos Verdes, CA, USA"
overview,Guillermo,Coria,ARG,1982.01.13,1982,13,2000,69,152,175,69,"Rufino, Argentina"
overview,Sam,Querrey,USA,1987.10.07,1987,7,2006,95,209,198,78,"San Francisco, CA, USA"
overview,Zeljko,Franulovic,CRO,1947.06.13,1947,13,1969,,,,,"Split, Croatia"
overview,Robert,Lutz,USA,1947.08.29,1947,29,,82,180,180,71,"Lancaster, PA"
overview,Juan,Monaco,ARG,1984.03.29,1984,29,2002,81,179,185,73,"Tandil, Argentina"
overview,James,Blake,USA,1979.12.28,1979,28,1999,83,183,185,73,"Yonkers, New York, USA"
overview,Stefanos,Tsitsipas,GRE,1998.08.12,1998,12,2016,90,198,193,76,"Athens, Greece"
overview,Kent,Carlsson,SWE,1968.01.03,1968,3,,72,158,180,71,"Eskilstuna, Sweden"
overview,Mikhail,Youzhny,,1982.06.25,1982,25,1999,73,160,183,72,"Moscow, Russia"
overview,Tomas,Smid,CZE,1956.05.20,1956,20,,79,175,191,75,"Plzen, Czechoslovakia"
overview,Casper,Ruud,NOR,1998.12.22,1998,22,2015,77,170,183,72,"Oslo, Norway"
overview,Marty,Riessen,USA,1941.12.04,1941,4,,79,175,185,73,"Hinsdale, IL, USA"
overview,Ivo,Karlovic,CRO,1979.02.28,1979,28,2000,104,230,211,83,"Zagreb, Croatia"
overview,Sjeng,Schalken,NED,1976.09.08,1976,8,1994,82,181,193,76,"Weert, The Netherlands"
overview,Thomas,Johansson,SWE,1975.03.24,1975,24,1994,80,176,180,71,"Linkoping, Sweden"
overview,Fabio,Fognini,ITA,1987.05.24,1987,24,2004,79,174,178,70,"Sanremo, Italy"
overview,Jan,Kodes,CZE,1946.03.01,1946,1,,81,178,175,69,"Prague, Czech Republic"
overview,Guillermo,Perez-Roldan,ARG,1969.10.20,1969,20,1986,78,173,178,70,"Tandil, B.A., Argentina"
overview,Richard Pancho,Gonzales,USA,1928.05.09,1928,9,1946,82,180,188,74,"Los Angeles, CA"
overview,Francisco,Clavet,ESP,1968.10.24,1968,24,1988,71,156,183,72,"Aranjuez, Spain"
overview,Jaime,Fillol Sr.,CHI,1946.06.03,1946,3,1968,73,160,180,71,"Santiago, Chile"
overview,Philipp,Kohlschreiber,GER,1983.10.16,1983,16,2001,70,154,178,70,"Augsburg, Germany"
overview,Jaime,Yzaga,PER,1967.10.23,1967,23,1985,68,150,170,67,"Lima, Peru"
overview,Brian,Teacher,USA,1954.12.23,1954,23,,79,175,191,75,"San Diego, CA"
overview,Milos,Raonic,CAN,1990.12.27,1990,27,2008,98,216,196,77,"Podgorica, Montenegro"
overview,Dick,Stockton,USA,1951.02.18,1951,18,,82,180,188,74,"New York, NY, U.S.A."
overview,Grigor,Dimitrov,BUL,1991.05.16,1991,16,2008,81,179,191,75,"Haskovo, Bulgaria"
overview,Anders,Jarryd,SWE,1961.07.13,1961,13,1980,70,155,180,71,"Lidkoping, Sweden"
overview,Fred,Perry,GBR,1909.05.18,1909,18,,,,,,Stockport
overview,Todd,Martin,USA,1970.07.08,1970,8,1990,91,200,198,78,"Hinsdale, Illinois, USA"
overview,Guillermo,Canas,ARG,1977.11.25,1977,25,1995,86,190,185,73,"Buenos Aires, Argentina"
overview,Bob,Hewitt,RSA,1940.01.12,1940,12,,93,205,191,75,"Dubbo, NSW, Australia"
overview,Gaston,Gaudio,ARG,1978.12.09,1978,9,1996,70,155,175,69,"Buenos Aires, Argentina"
overview,John,Alexander,AUS,1951.07.04,1951,4,,82,180,191,75,"Sydney, NSW, Australia"
overview,Ramesh,Krishnan,IND,1961.06.05,1961,5,1978,64,140,170,67,"Madras, India"
overview,Dmitry,Tursunov,,1982.12.12,1982,12,2000,82,180,185,73,"Moscow, Russia"
overview,Luiz,Mattar,BRA,1963.08.18,1963,18,1985,76,167,183,72,"Sao Paulo, Brazil"
overview,Jiri,Novak,CZE,1975.03.22,1975,22,1993,86,190,191,75,"Zlin, Czech Republic"
overview,Jannik,Sinner,ITA,2001.08.16,2001,16,2018,76,167,188,74,"San Candido, Italy"
overview,Juan Ignacio,Chela,ARG,1979.08.30,1979,30,1998,75,165,191,75,"Buenos Aires, Argentina"
overview,Henri,Cochet,FRA,1901.12.14,1901,14,,,,,,Lyon
overview,Peter,McNamara,AUS,1955.07.05,1955,5,,75,165,185,73,"Melbourne, VIC, Australia"
overview,Onny,Parun,NZL,1947.04.15,1947,15,,76,168,188,74,"Wellington, New Zealand"
overview,Carlos,Costa,ESP,1968.04.22,1968,22,1988,73,162,183,72,"Barcelona, Spain"
overview,Matteo,Berrettini,ITA,1996.04.12,1996,12,2015,95,209,196,77,"Rome, Italy"
overview,Roger,Taylor,GBR,1941.10.14,1941,14,,,,,,
overview,Paolo,Bertolucci,ITA,1951.08.03,1951,3,,82,180,175,69,"Forte Dei Marmi, Italy"
overview,Pablo,Carreno Busta,ESP,1991.07.12,1991,12,2009,78,172,188,74,"Gijon, Spain"
overview,Tom,Gorman,USA,1946.01.19,1946,19,,75,165,180,71,"Seattle, WA"
overview,Feliciano,Lopez,ESP,1981.09.20,1981,20,1997,88,194,188,74,"Toledo, Spain"
overview,Nick,Kyrgios,AUS,1995.04.27,1995,27,2013,85,187,193,76,"Canberra, Australia"
overview,Fernando,Verdasco,ESP,1983.11.15,1983,15,2001,90,198,188,74,"Madrid, Spain"
overview,Jonas,Bjorkman,SWE,1972.03.23,1972,23,1991,83,182,183,72,"Vaxjo, Sweden"
overview,Andrei,Chesnokov,,1966.02.02,1966,2,1985,76,167,188,74,"Moscow, Russia"
overview,Andres,Gimeno,ESP,1937.08.03,1937,3,1960,89,196,185,73,"Barcelona, Spain"
overview,Rene,Lacoste,FRA,1904.07.02,1904,2,,,,,,Paris
overview,Carlos,Alcaraz,ESP,2003.05.05,2003,5,2018,74,163,183,72,"El Palmar, Murcia, Spain"
overview,Nicolas,Kiefer,GER,1977.07.05,1977,5,1995,80,177,183,72,"Holzminden, Germany"
overview,Kevin,Anderson,RSA,1986.05.18,1986,18,2007,94,208,203,80,"Johannesburg, South Africa"
overview,Karol,Kucera,SVK,1974.03.04,1974,4,1992,88,193,185,73,"Bratislava, Czechoslovakia"
overview,Magnus,Larsson,SWE,1970.03.25,1970,25,1989,93,205,193,76,"Olofstrom, Sweden"
overview,William,Renshaw,GBR,,,,,,,,,
overview,Fabrice,Santoro,FRA,1972.12.09,1972,9,1989,74,163,178,70,Tahiti
overview,Pat,Cash,AUS,1965.05.27,1965,27,1982,84,185,183,72,"Melbourne, VIC, Australia"
overview,David,Goffin,BEL,1990.12.07,1990,7,2009,70,154,180,71,"Rocourt, Belgium"
overview,Alex,de Minaur,AUS,1999.02.17,1999,17,2015,69,152,183,72,"Sydney, Australia"
overview,Kevin,Curren,USA,1958.03.02,1958,2,1979,77,170,185,73,"Durban, South Africa"
overview,Jordi,Arrese,ESP,1964.08.29,1964,29,1982,64,142,175,69,"Barcelona, Spain"
overview,Pablo,Cuevas,URU,1986.01.01,1986,1,2004,78,173,180,71,"Concordia, Argentina"
overview,Don,Budge,USA,1915.06.13,1915,13,,,,,,"Oakland, CA"
overview,Mardy,Fish,USA,1981.12.09,1981,9,2000,82,180,188,74,"Edina, Minnesota, USA"
overview,Nicolas,Massu,CHI,1979.10.10,1979,10,1997,80,177,183,72,"Vina del Mar, Chile"
overview,Amos,Mansdorf,ISR,1965.10.20,1965,20,1983,73,160,175,69,"Tel Aviv, Israel"
overview,Mark,Edmondson,AUS,1954.06.28,1954,28,,86,190,185,73,"Gosford, NSW, Australia"
overview,Martin,Klizan,SVK,1989.07.11,1989,11,2007,85,187,191,75,"Bratislava, Slovakia"
overview,Ernests,Gulbis,LAT,1988.08.30,1988,30,2004,85,187,191,75,"Riga, Latvia"
overview,Bill,Scanlon,USA,1956.11.13,1956,13,,77,170,185,73,"Dallas, TX"
overview,Dominik,Hrbaty,SVK,1978.01.04,1978,4,1996,80,176,180,71,"Bratislava, Slovakia"
overview,Tony,Wilding,NZL,1883.10.31,1883,31,,,,,,Christchurch
overview,Cliff,Drysdale,RSA,1941.05.26,1941,26,,76,168,188,74,"Nelspruit, South Africa"
overview,Heinz,Gunthardt,SUI,1959.02.08,1959,8,,70,155,180,71,"Zurich, Switzerland"
overview,Tim,Wilkison,USA,1959.11.23,1959,23,,73,160,180,71,"Shelby, NC"
overview,Laurence,Doherty,GBR,1875.10.08,1875,8,,,,,,Wimbledon
overview,Albert,Montanes,ESP,1980.11.26,1980,26,1999,70,155,175,69,Sant Carles de la Rapita
overview,Jack,Crawford,AUS,1908.03.22,1908,22,,,,,,
overview,John,Fitzgerald,AUS,1960.12.28,1960,28,1980,77,170,183,72,"Cummins, Australia"
overview,Jeff,Borowiak,USA,1949.09.25,1949,25,,82,180,193,76,"Berkeley, CA, U.S.A."
overview,Thierry,Tulasne,FRA,1963.07.12,1963,12,,73,160,178,70,"Aix-en-Bains, France"
overview,Jurgen,Melzer,AUT,1981.05.22,1981,22,1999,80,176,183,72,"Vienna, Austria"
overview,Nikoloz,Basilashvili,GEO,1992.02.23,1992,23,2008,79,174,185,73,"Tbilisi, Georgia"
overview,Manuel,Santana,ESP,1938.05.10,1938,10,,,,,,
overview,Fred,Stolle,AUS,1938.10.08,1938,8,1966,93,205,191,75,"Hornsby NSW, Australia"
overview,Clark,Graebner,USA,1943.11.04,1943,4,,80,177,188,74,"Cleveland, OH"
overview,Lucas,Pouille,FRA,1994.02.23,1994,23,2012,84,185,185,73,"Grande-Synthe, France"
overview,Younes,El Aynaoui,MAR,1971.09.12,1971,12,1990,86,190,193,76,"Rabat, Morocco"
overview,Corrado,Barazzutti,ITA,1953.02.19,1953,19,,70,155,178,70,"Udine, Italy"
overview,Hubert,Hurkacz,POL,1997.02.11,1997,11,2015,81,179,196,77,"Wroclaw, Poland"
overview,Nikola,Pilic,CRO,1939.08.27,1939,27,,,,,,"Split, Yugoslavia"
overview,Alex,Metreveli,GEO,1944.11.02,1944,2,,,,,,"Tbilisi, Georgia"
overview,Juan,Aguilera,ESP,1962.03.22,1962,22,,68,150,183,72,"Barcelona, Spain"
overview,Felix,Auger-Aliassime,CAN,2000.08.08,2000,8,2017,88,194,193,76,"Montreal, Canada"
overview,Frank,Sedgman,AUS,1927.10.02,1927,2,,,,,,"Mt. Albert, VIC, Australia"
overview,Henrik,Sundstrom,SWE,1964.02.29,1964,29,,73,160,188,74,"Lund, Sweden"
overview,Tony,Trabert,USA,1930.08.16,1930,16,,82,180,185,73,"Cincinnati, OH"
overview,Nicolas,Lapentti,ECU,1976.08.13,1976,13,1995,86,190,188,74,"Guayaquil, Ecuador"
overview,Marcelo,Filippini,URU,1967.08.04,1967,4,1987,66,145,178,70,"Montevideo, Uruguay"
overview,Jimmy,Arias,USA,1964.08.16,1964,16,1980,70,155,175,69,"Buffalo, NY"
overview,Paradorn,Srichaphan,THA,1979.06.14,1979,14,1997,82,180,185,73,"Bangkok, Thailand"
overview,Jonas,Svensson,SWE,1966.10.21,1966,21,1985,76,168,188,74,"Goteburg, Sweden"
overview,Cristian,Garin,CHI,1996.05.30,1996,30,2011,85,187,185,73,"Santiago, Chile"
overview,Guillermo,Garcia-Lopez,ESP,1983.06.04,1983,4,2002,80,176,185,73,"La Roda (Albacete), Spain"
overview,Radek,Stepanek,CZE,1978.11.27,1978,27,1996,76,167,185,73,"Karvina, Czech Republic"
overview,Jakob,Hlasek,SUI,1964.11.12,1964,12,1983,78,172,188,74,"Prague, Czechoslovakia"
overview,Reggie,Doherty,GBR,1872.10.14,1872,14,,,,,,Wimbledon
overview,Michael,Llodra,FRA,1980.05.18,1980,18,1999,80,176,191,75,"Paris, France"
overview,Cedric,Pioline,FRA,1969.06.15,1969,15,1989,79,175,188,74,"Neuilly/Seine, France"
overview,Sebastien,Grosjean,FRA,1978.05.29,1978,29,1996,73,160,175,69,"Marseille, France"
overview,Paul-Henri,Mathieu,FRA,1982.01.12,1982,12,1999,74,163,185,73,"Strasbourg, France"
overview,Jack,Sock,USA,1992.09.24,1992,24,2011,88,195,191,75,"Lincoln, NE, USA"
overview,Horst,Skoff,AUT,1968.08.22,1968,22,1985,73,160,175,69,"Klagenfurt, Austria"
overview,Ross,Case,AUS,1951.11.01,1951,1,,,,,,"Toowoomba, Australia"
overview,Taylor,Fritz,USA,1997.10.28,1997,28,2015,86,190,196,77,"Rancho Santa Fe, CA, USA"
overview,Cameron,Norrie,GBR,1995.08.23,1995,23,2017,82,181,188,74,"Johannesburg, South Africa"
overview,Nicolas,Mahut,FRA,1982.01.21,1982,21,2000,82,181,191,75,"Angers, France"
overview,Mark,Woodforde,AUS,1965.09.23,1965,23,1984,88,195,188,74,"Adelaide, Australia"
overview,Jan,Siemerink,NED,1970.04.14,1970,14,1989,73,162,183,72,"Rijnsburg, Netherlands"
overview,Rainer,Schuettler,GER,1976.04.25,1976,25,1995,74,163,180,71,"Korbach, Germany"
overview,Frank,Parker,USA,1916.01.31,1916,31,,,,,,"Milwaukee, WI, U.S.A."
overview,Diego,Schwartzman,ARG,1992.08.16,1992,16,2010,64,141,170,67,"Buenos Aires, Argentina"
overview,Lew,Hoad,AUS,1934.11.23,1934,23,,,,,,Glebe
overview,Butch,Walts,USA,1955.06.04,1955,4,,79,175,193,76,"Modesto, CA"
overview,Nicolas,Escude,FRA,1976.04.03,1976,3,1995,70,155,185,73,"Chartres, France"
overview,Albert,Ramos-Vinolas,ESP,1988.01.17,1988,17,2007,76,168,188,74,"Barcelona, Spain"
overview,Richard,Fromberg,AUS,1970.04.28,1970,28,1988,88,195,196,77,"Ulverstone,Tasmania, Australia"
overview,Sergiy,Stakhovsky,UKR,1986.01.06,1986,6,2003,80,176,193,76,"Kiev, Ukraine"
overview,Tim,Gullikson,USA,1951.09.08,1951,8,,79,175,180,71,"Lacrosse, WI, U.S.A."
overview,Marcel,Granollers,ESP,1986.04.12,1986,12,2003,80,176,191,75,"Barcelona, Spain"
overview,Janko,Tipsarevic,SRB,1984.06.22,1984,22,2002,80,176,180,71,"Belgrade, Serbia"
overview,Hans,Gildemeister,CHI,1956.02.09,1956,9,,85,187,180,71,"Lima, Peru"
overview,Jason,Stoltenberg,AUS,1970.04.04,1970,4,1987,80,177,185,73,"Narrabri, NSW, Australia"
overview,Andrew,Pattison,ZIM,1949.01.30,1949,30,,82,180,188,74,"Pretoria, South Africa"
overview,Steve,Johnson,USA,1989.12.24,1989,24,2012,86,190,188,74,"Orange, CA, USA"
overview,Karl,Meiler,GER,1949.04.30,1949,30,,75,165,178,70,"Erlangen, Germany"
overview,MaliVai,Washington,USA,1969.06.20,1969,20,1989,79,175,180,71,"Glen Cove, NY"
overview,Pablo,Andujar,ESP,1986.01.23,1986,23,2003,80,176,180,71,"Cuenca, Spain"
overview,Horacio,de la Pena,ARG,1966.08.01,1966,1,1984,72,158,180,71,"Buenos Aires, Argentina"
overview,Jean,Borotra,FRA,,,,,,,,,"Biarritz, France"
overview,Karen,Khachanov,,1996.05.21,1996,21,2013,87,192,198,78,"Moscow, Russia"
overview,Jacco,Eltingh,NED,1970.08.29,1970,29,1988,98,215,188,74,"Heerde, Netherlands"
overview,Igor,Andreev,,1983.07.14,1983,14,2002,80,176,185,73,"Moscow, Russia"
overview,Ashley,Cooper,AUS,1936.09.15,1936,15,,,,,,"Melbourne, VIC, Australia"
overview,Bernard,Tomic,AUS,1992.10.21,1992,21,2008,91,201,196,77,"Stuttgart, Germany"
overview,Thomaz,Bellucci,BRA,1987.12.30,1987,30,2005,82,181,188,74,"Tiete, Brazil"
overview,Javier,Sanchez,ESP,1968.02.01,1968,1,1986,70,155,178,70,"Pamplona, Spain"
overview,Victor,Amaya,USA,1954.07.02,1954,2,0,0,0,201,79,"Denver, CO"
overview,Marcos,Baghdatis,CYP,1985.06.17,1985,17,2003,82,181,178,70,"Limassol, Cyprus"
overview,Joao,Sousa,POR,1989.03.30,1989,30,2008,74,163,185,73,"Guimaraes, Portugal"
overview,Viktor,Troicki,SRB,1986.02.10,1986,10,2006,86,189,193,76,"Belgrade, Serbia"
overview,Arnaud,Clement,FRA,1977.12.17,1977,17,1996,74,163,173,68,"Aix-en-Provence, France"
overview,Reilly,Opelka,USA,1997.08.28,1997,28,2015,102,225,211,83,"St. Joseph, MI, USA"
overview,Taylor,Dent,USA,1981.04.24,1981,24,1998,88,195,188,74,"Newport Beach, CA, USA"
overview,Andreas,Seppi,ITA,1984.02.21,1984,21,2002,78,172,191,75,"Bolzano, Italy"
overview,Kelly,Evernden,NZL,1961.09.21,1961,21,1985,70,155,175,69,"Gisborne, New Zealand"
overview,Norman,Brookes,AUS,1877.11.14,1877,14,,,,,,"Melbourne, VIC"
overview,Peter,Feigl,AUT,1951.11.30,1951,30,,77,170,183,72,"Vienna, Austria"
overview,Mike,Bauer,USA,1959.06.29,1959,29,1982,84,185,188,74,"Oakland, CA"
overview,Aslan,Karatsev,,1993.09.04,1993,4,2011,85,187,185,73,"Vladikavkaz, Russia"
overview,Alexandr,Dolgopolov,UKR,1988.11.07,1988,7,2006,71,157,180,71,"Kiev, Ukraine"
overview,Jack,Kramer,USA,1921.08.01,1921,1,,,,188,74,"Las Vegas, NA, U.S.A."
overview,Mario,Ancic,CRO,1984.03.30,1984,30,2001,82,180,196,77,"Split, Croatia"
overview,Marty,Davis,USA,1958.11.15,1958,15,1980,82,180,183,72,"San Jose, CA, USA"
overview,Nicklas,Kulti,SWE,1971.04.22,1971,22,1989,88,195,191,75,"Stockholm, Sweden"
overview,Paul,Annacone,USA,1963.03.20,1963,20,1984,79,175,185,73,"Southampton, NY, USA"
overview,Jan-Michael,Gambill,USA,1977.06.03,1977,3,1996,88,195,191,75,"Spokane, WA, USA"
overview,Maurice,McLoughlin,USA,1890.11.18,1890,18,,,,,,"Carson City, NV"
overview,Wilfred,Baddeley,GBR,,,,,,,,,
overview,Paolo,Cane,ITA,1965.04.09,1965,9,1983,68,150,180,71,"Bologna, Italy"
overview,Alberto,Martin,ESP,1978.08.20,1978,20,1995,73,162,175,69,"Barcelona, Spain"
overview,Peter,Lundgren,SWE,1965.01.29,1965,29,1983,80,176,185,73,"Gudmundra, Sweden"
overview,William,Larned,USA,1872.12.30,1872,30,,,,,,"Summit, NJ"
overview,Slava,Dosedel,CZE,1970.08.14,1970,14,1989,79,175,183,72,"Prerov, Czech Republic"
overview,Benoit,Paire,FRA,1989.05.08,1989,8,2007,80,176,196,77,"Avignon, France"
overview,James,Anderson,AUS,1895.09.17,1895,17,,,,,,"Enfield, NSW"
overview,Peter,Fleming,USA,1955.01.21,1955,21,,84,185,196,77,"Chatham, NJ"
overview,Stefan,Koubek,AUT,1977.01.02,1977,2,1994,68,150,175,69,"Klagenfurt, Austria"
overview,Holger,Rune,DEN,2003.04.29,2003,29,2020,77,169,188,74,"Gentofte, Denmark"
overview,Gerald,Patterson,AUS,1895.12.17,1895,17,,,,,,"Merlbourne, VIC"
overview,Joachim,Johansson,SWE,1982.07.01,1982,1,2000,90,198,198,78,"Lund, Sweden"
overview,Ellsworth,Vines,USA,1911.09.28,1911,28,,,,,,Los Angeles
overview,Pedro,Rebolledo,CHI,1960.12.17,1960,17,,68,150,170,67,"Santiago, Chile"
overview,Jurgen,Fassbender,GER,1948.05.28,1948,28,,,,,,"Wesseling, Germany"
overview,Andrea,Gaudenzi,ITA,1973.07.30,1973,30,1990,85,187,183,72,"Faenza, Italy"
overview,Andrei,Pavel,ROU,1974.01.27,1974,27,1995,90,198,183,72,"Constanta, Romania"
overview,Javier,Frana,ARG,1966.12.25,1966,25,1986,77,170,185,73,"Rafaela, Argentina"
overview,Lorenzo,Sonego,ITA,1995.05.11,1995,11,2013,76,168,191,75,"Turin, Italy"
overview,Martin,Sinner,GER,1968.02.07,1968,7,1988,72,158,180,71,"Koblenz, Germany"
overview,Fernando,Vicente,ESP,1977.03.08,1977,8,1996,76,167,180,71,"Benicarlo, Spain"
overview,Borna,Coric,CRO,1996.11.14,1996,14,2013,85,187,188,74,"Zagreb, Croatia"
overview,Jay,Berger,USA,1966.11.26,1966,26,1986,75,165,180,71,"Fort Dix, NJ"
overview,Ugo,Humbert,FRA,1998.06.26,1998,26,2016,73,160,188,74,"Metz, France"
overview,Vladimir,Zednik,CZE,1947.02.01,1947,1,,,,,,"Prague, Czechoslovakia"
overview,Mel,Purcell,USA,1959.07.18,1959,18,,70,155,178,70,"Joplin, MO, U.S.A."
overview,Wally,Masur,AUS,1963.05.13,1963,13,1982,76,167,180,71,"Southampton, England"
overview,Van,Winitsky,USA,1959.03.12,1959,12,1978,75,165,185,73,"Miami, Florida, U.S.A."
overview,Kim,Warwick,AUS,1952.04.08,1952,8,,77,170,183,72,"Sydney, NSW, Australia"
overview,David,Prinosil,GER,1973.03.09,1973,9,1991,82,180,185,73,"Olomouc, Czech Republic"
overview,Alejandro,Olmedo,USA,1936.03.24,1936,24,,,,,,"Arequipa, Peru"
overview,Franco,Squillari,ARG,1975.08.22,1975,22,1994,80,177,183,72,"Buenos Aires, Argentina"
overview,Bill,Johnston,USA,1894.11.02,1894,2,,,,,,"San Francisco, CA"
overview,Ray,Ruffels,AUS,1946.03.23,1946,23,,,,,,"Sydney, Australia"
overview,Damir,Dzumhur,BIH,1992.05.20,1992,20,2011,68,150,175,69,"Sarajevo, Bosnia-Herzegovina"
overview,Chris,Lewis,NZL,1957.03.09,1957,9,,75,165,180,71,"Auckland, New Zealand"
overview,Arnaud,Boetsch,FRA,1969.04.01,1969,1,1987,76,168,183,72,"Meulan, France"
overview,Franco,Davin,ARG,1970.01.11,1970,11,1986,64,140,173,68,"Pehuajo, B.A., Argentina"
overview,Scott,Davis,USA,1962.08.27,1962,27,1983,77,170,188,74,"Santa Monica, CA, USA"
overview,Alberto,Mancini,ARG,1969.05.20,1969,20,1987,79,174,180,71,"Misiones, Argentina"
overview,Mario,Martinez,BOL,1961.09.12,1961,12,,66,145,170,67,"La Paz, Bolivia"
overview,Alexander,Volkov,,1967.03.03,1967,3,1988,79,175,188,74,"Kaliningrad, Russia"
overview,Carl-Uwe,Steeb,GER,1967.09.01,1967,1,1986,75,165,180,71,"Aalen, Germany"
overview,Mikael,Pernfors,SWE,1963.07.16,1963,16,1985,68,150,173,68,"Malmo, Sweden"
overview,Agustin,Calleri,ARG,1976.09.14,1976,14,1995,86,190,183,72,"Rio Cuarto, Argentina"
overview,Richey,Reneberg,USA,1965.10.05,1965,5,1987,77,170,180,71,"Phoenix, AZ, USA"
overview,Fernando,Meligeni,BRA,1971.04.12,1971,12,1990,64,142,180,71,"Buenos Aires, Argentina"
overview,Jaroslav,Drobny,CZE,1921.10.12,1921,12,,,,,,"Prague, Czech Republic"
overview,Victor,Estrella Burgos,DOM,1980.08.02,1980,2,2002,77,170,170,67,"Santiago, Dominican Republic"
overview,David,Wheaton,USA,1969.06.02,1969,2,1988,84,185,193,76,"Minneapolis, MN"
overview,Phil,Dent,AUS,1950.02.14,1950,14,,78,173,183,72,"Sydney, NSW, Australia"
overview,Mariano,Zabaleta,ARG,1978.02.28,1978,28,1996,77,170,183,72,"Tandil, Argentina"
overview,Bobby,Riggs,USA,1918.02.25,1918,25,,,,,,Los Angeles
overview,Xavier,Malisse,BEL,1980.07.19,1980,19,1998,83,183,185,73,"Kortrijk, Belgium"
overview,Mal,Anderson,AUS,1935.03.03,1935,3,,,,,,"Theodore, Australia"
overview,Ronald,Agenor,HAI,1964.11.13,1964,13,1983,82,180,180,71,"Rabat, Morocco"
overview,Mariano,Puerta,ARG,1978.09.19,1978,19,1998,78,172,180,71,"San Francisco (Cordoba), ARG"
overview,Jose,Acasuso,ARG,1982.10.20,1982,20,1999,86,190,191,75,"Posadas-Misiones, Argentina"
overview,Adrian,Quist,AUS,1913.01.23,1913,23,,,,168,66,"Medindie, Australia"
overview,Mark,Dickson,USA,1959.12.08,1959,8,1982,78,172,191,75,"Tampa, FL, USA"
overview,Kenneth,Carlsen,DEN,1973.04.17,1973,17,1992,88,194,191,75,"Copenhagen, Denmark"
overview,Brian,Fairlie,NZL,1948.06.13,1948,13,,,,,,
overview,Neale,Fraser,AUS,1933.10.03,1933,3,,,,,,"Melbourne, VIC, Australia"
overview,Robby,Ginepri,USA,1982.10.07,1982,7,2001,79,174,183,72,"Fort Lauderdale, FL, USA"
overview,Jiri,Hrebec,CZE,1950.09.19,1950,19,,,,,,"Teplice, Czechoslovakia"
overview,Colin,Dibley,AUS,1944.09.19,1944,19,,86,190,188,74,"Sydney, NSW,  Australia"
overview,Arthur,Gore,GBR,1868.01.02,1868,2,,,,,,Lyndhurst
overview,Marco,Cecchinato,ITA,1992.09.30,1992,30,2010,78,171,185,73,"Palermo, Italy"
overview,Bohdan,Ulihrach,CZE,1975.02.23,1975,23,1993,81,178,188,74,"Kolin, Czech Republic"
overview,Karim,Alami,MAR,1973.05.24,1973,24,1990,85,187,185,73,"Casablanca, Morocco"
overview,Shlomo,Glickstein,ISR,1958.01.06,1958,6,,93,205,188,74,"Ashkelon, Israel"
overview,Bernd,Karbacher,GER,1968.04.03,1968,3,1989,73,160,185,73,"Munich, Germany"
overview,Mike,Estep,USA,1949.07.19,1949,19,,73,160,173,68,"Dallas, TX"
overview,Florent,Serra,FRA,1981.02.28,1981,28,2000,78,171,180,71,"Bordeaux, France"
overview,Lorenzo,Musetti,ITA,2002.03.03,2002,3,2019,78,172,185,73,"Carrara, Italy"
overview,Martin,Verkerk,NED,1978.10.31,1978,31,1996,90,198,196,77,"Leiderdorp, The Netherlands"
overview,Mervyn,Rose,AUS,1930.01.23,1930,23,,,,,,"Coffs Harbor, NSW, Australia"
overview,Francois,Jauffret,FRA,1942.02.09,1942,9,,75,165,180,71,"Bordeaux, France"
overview,Budge,Patty,USA,1924.02.11,1924,11,,,,,,Forth Smith
overview,Julian,Alonso,ESP,1977.08.02,1977,2,1996,82,180,185,73,"Canet de Mar, Spain"
overview,Robin,Haase,NED,1987.04.06,1987,6,2005,77,170,191,75,"The Hague, The Netherlands"
overview,Kyle,Edmund,GBR,1995.01.08,1995,8,2012,83,183,188,74,"Johannesburg, South Africa"
overview,Andrei,Cherkasov,,1970.07.04,1970,4,1988,75,165,180,71,"Ufa, Russia"
overview,Jim,Grabb,USA,1964.04.14,1964,14,1986,82,180,193,76,"Tucson, AZ, USA"
overview,Joshua,Pim,GBR,1869.05.20,1869,20,,,,,,"Bray, Co. Wicklow"
overview,Robert,Wrenn,USA,1873.12.20,1873,20,,,,,,"Highland Park, IL"
overview,Bryan,Shelton,USA,1965.12.22,1965,22,1989,80,177,185,73,"Huntsville, AL, USA"
overview,Tomas,Carbonell,ESP,1968.08.07,1968,7,1987,72,158,178,70,"Barcelona, Spain"
overview,Jonathan,Stark,USA,1971.04.03,1971,3,1991,84,185,188,74,"Medford, OR, USA"
overview,Darren,Cahill,AUS,1965.10.02,1965,2,,84,185,185,73,"Adelaide, S.A. Australia"
overview,William,Clothier,USA,1881.09.27,1881,27,,,,,,"Sharon Hill, PA"
overview,Davide,Sanguinetti,ITA,1972.08.25,1972,25,1993,79,175,188,74,"Viareggio, Italy"
overview,Jan,Kroslak,SVK,1974.10.17,1974,17,1993,77,170,188,74,"Bratislava, Slovak Republic"
overview,Laslo,Djere,SRB,1995.06.02,1995,2,2013,82,181,188,74,"Senta, Serbia"
overview,Gilles,Muller,LUX,1983.05.09,1983,9,2001,89,196,193,76,"Luxembourg City, Luxembourg"
overview,Leonardo,Mayer,ARG,1987.05.15,1987,15,2003,80,176,191,75,"Corrientes, Argentina"
overview,Gerald,Battrick,GBR,1947.05.27,1947,27,,66,145,178,70,"Bridgend, Wales, Great Britain"
overview,Adrian,Mannarino,FRA,1988.06.29,1988,29,2004,79,174,180,71,"Soisy-sous-Montmorency, France"
overview,Omar,Camporese,ITA,1968.05.08,1968,8,1987,78,172,188,74,"Bologna, Italy"
overview,Andrei,Olhovskiy,,1966.04.15,1966,15,1989,73,160,185,73,"Moscow, Russia"
overview,Brandon,Nakashima,USA,2001.08.03,2001,3,2019,83,183,188,74,"San Diego, CA, USA"
overview,Pavel,Slozil,CZE,1955.12.29,1955,29,,70,155,173,68,"Opava, Czechoslovakia"
overview,Filippo,Volandri,ITA,1981.09.05,1981,5,1997,73,161,183,72,"Livorno, Italy"
overview,Henry,Pfister,USA,1953.10.09,1953,9,,84,185,193,76,"Bakersfield, CA, U.S.A."
overview,Jarkko,Nieminen,FIN,1981.07.23,1981,23,2000,78,172,185,73,"Masku, Finland"
overview,Markus,Zoecke,GER,1968.05.10,1968,10,1989,86,190,196,77,"Berlin, Germany"
overview,Dan,Goldie,USA,1963.10.03,1963,3,,79,175,188,74,"Sioux City, IA"
overview,Henry,Slocum,USA,,,,,,,,,
overview,Steve,Darcis,BEL,1984.03.13,1984,13,2003,78,171,175,69,"Liege, Belgium"
overview,Jaime,Oncins,BRA,1970.06.16,1970,16,1988,82,180,196,77,"Sao Paulo, Brazil"
overview,Dick,Savitt,USA,1927.03.04,1927,4,,,,,,
overview,Charlie,Pasarell,USA,1944.02.12,1944,12,1968,,,,,"Santurce, Puerto Rico"
overview,Jerome,Golmard,FRA,1973.09.09,1973,9,1993,77,170,188,74,"Dijon, France"
overview,Kelly,Jones,USA,1964.03.31,1964,31,1986,76,167,185,73,"Fort Gordon, GA, USA"
overview,"Frederick ""Ted""",Schroeder,USA,1921.07.20,1921,20,,,,,,"Newark, NJ, USA"
overview,Todd,Woodbridge,AUS,1971.04.02,1971,2,1988,75,165,178,70,"Sydney, NSW, Australia"
overview,Bernard,Mitton,RSA,1954.11.09,1954,9,,84,185,188,74,"Vryburg, South Africa"
overview,Beals,Wright,USA,1879.12.19,1879,19,,,,,,"Boston, MA"
overview,Donald,McNeill,USA,1918.04.30,1918,30,,,,,,"Chickasha, OK, USA"
overview,Frederick,Hovey,USA,,,,,,,,,
overview,Federico,Delbonis,ARG,1990.10.05,1990,5,2007,90,198,193,76,"Azul, Argentina"
overview,Marian,Vajda,SVK,1965.03.24,1965,24,,88,193,170,67,"Povazska, Czechoslovakia"
overview,Francesco,Cancellotti,ITA,1963.02.27,1963,27,,75,165,183,72,"Perugia, Italy"
overview,Rod,Frawley,AUS,1952.09.08,1952,8,,90,198,180,71,Brisbane
overview,Carlos,Berlocq,ARG,1983.02.03,1983,3,2001,81,178,183,72,"Chascomus, Argentina"
overview,Gottfried,Von Cramm,GER,1909.07.07,1909,7,,,,,,
overview,David,Pate,USA,1962.04.16,1962,16,1983,77,170,183,72,"Los Angeles, CA, U.S.A."
overview,E. Victor,Seixas,USA,1923.08.30,1923,30,,79,175,185,73,"Philadelphia, PA, USA"
overview,Slobodan,Zivojinovic,SRB,1963.07.23,1963,23,,100,220,198,78,"Belgrade, Serbia"
overview,Lindley,Murray,USA,,,,,,,,,
overview,Tom,Edlefsen,USA,1941.12.12,1941,12,,73,160,188,74,"Albany, CA"
overview,Simon,Youl,AUS,1965.07.01,1965,1,1982,77,170,185,73,"Symmons, Plains,Tasmania,Aust."
overview,Nicolas,Pereira,VEN,1970.09.29,1970,29,1987,86,190,188,74,"Salto, Uruguay"
overview,Christo,Van Rensburg,RSA,1962.10.23,1962,23,1983,73,160,185,73,"Uitenhage, South Africa"
overview,Filip,Dewulf,BEL,1972.03.15,1972,15,1990,80,177,191,75,"Mol, Belgium"
overview,John,Bromwich,AUS,1918.11.14,1918,14,,,,,,
overview,Ulrich,Pinner,GER,1954.02.07,1954,7,,,,,,"Zittau, Germany"
overview,Jiri,Vesely,CZE,1993.07.10,1993,10,2009,94,207,198,78,"Pribram, Czech Republic"
overview,Byron,Black,ZIM,1969.10.06,1969,6,1991,70,155,175,69,"Harare, Zimbabwe"
overview,Yahiya,Doumbia,SEN,1963.08.25,1963,25,1986,75,165,185,73,"Bamako, Mali"
overview,Juan,Gisbert Sr,ESP,1942.04.05,1942,5,1965,82,180,188,74,"Barcelona, Spain"
overview,Christian,Saceanu,GER,1968.07.08,1968,8,1986,80,176,191,75,"Klausenburg, Rumania"
overview,Paul,McNamee,AUS,1954.11.12,1954,12,,73,160,178,70,"Melbourne, VIC, Australia"
overview,David,Sanchez,ESP,1978.04.20,1978,20,1997,76,168,183,72,"Zamora, Spain"
overview,Haroon,Rahim,PAK,1949.11.12,1949,12,,,,,,"Lahore, Pakistan"
overview,Buster C.,Mottram,GBR,1955.04.25,1955,25,,,,,,"Wimbledon, England"
overview,Hans-Jurgen,Pohmann,GER,1947.05.23,1947,23,,,,,,"Cologne, Germany"
overview,Rodney,Heath,AUS,1884.06.15,1884,15,,,,,,"Melbourne, VIC"
overview,Nicola,Pietrangeli,ITA,1933.09.11,1933,11,,,,,,"Tunis, Tunsia"
overview,Rajeev,Ram,USA,1984.03.18,1984,18,2004,84,185,193,76,"Denver, CO, USA"
overview,Andrew,Ilie,AUS,1976.04.18,1976,18,1994,78,172,180,71,"Bucharest, Romania"
overview,Luis,Horna,PER,1980.09.14,1980,14,1998,82,180,180,71,"Lima, Peru"
overview,Dick,Crealy,AUS,1944.09.18,1944,18,,,,,,
overview,Florian,Mayer,GER,1983.10.05,1983,5,2001,82,180,191,75,"Bayreuth, Germany"
overview,Brad,Drewett,AUS,1958.07.19,1958,19,,79,175,185,73,"Maclean, Australia"
overview,Ion,Tiriac,ROU,1939.05.09,1939,9,,,,,,
overview,Sammy,Giammalva Jr.,USA,1963.03.24,1963,24,,75,165,178,70,"Houston, TX"
overview,John,Hartley,GBR,,,,,,,,,
overview,Jeff,Tarango,USA,1968.11.20,1968,20,1989,73,160,180,71,"Manhattan Beach, CA, USA"
overview,Denis,Istomin,UZB,1986.09.07,1986,7,2004,86,189,185,73,"Orenburg, Russia"
overview,Robert,Van't Hof,USA,1959.04.10,1959,10,1980,82,180,193,76,"Lynnwood, CA"
overview,Yoshihito,Nishioka,JPN,1995.09.27,1995,27,2014,64,141,170,67,"Mie, Japan"
overview,Pat,O'Hara-Wood,AUS,1891.04.30,1891,30,,,,,,VIC
overview,John,Sadri,USA,1956.09.19,1956,19,,82,180,188,74,"Charlotte, NC"
overview,Richard Norris,Williams,USA,1891.01.28,1891,28,,,,,,
overview,Marc-Kevin,Goellner,GER,1970.09.22,1970,22,1991,81,178,196,77,"Rio de Janeiro, Brazil"
overview,Terry,Moor,USA,1952.04.23,1952,23,,73,160,178,70,"Hartford, CT"
overview,Geoff,Masters,AUS,1950.09.19,1950,19,,,,,,"Brisbane, QNSLD,  Australia"
overview,Thomaz,Koch,BRA,1945.05.11,1945,11,,,,,,"Porto Alegre, Brazil"
overview,Angel,Gimenez,ESP,1955.10.10,1955,10,,57,125,163,64,"Barcelona, Spain"
overview,Patrick,Baur,GER,1965.05.03,1965,3,1986,186,411,185,73,"Radolfzell, Germany"
overview,Stefano,Pescosolido,ITA,1971.06.13,1971,13,1989,86,190,185,73,"Sora, Italy"
overview,Renzo,Furlan,ITA,1970.05.17,1970,17,1988,70,155,175,69,"Conegliano, Veneto, Italy"
overview,Olivier,Rochus,BEL,1981.01.18,1981,18,1999,65,143,168,66,"Namur, Belgium"
overview,Lukas,Rosol,CZE,1985.07.24,1985,24,2004,83,182,193,76,"Brno, Czech Republic"
overview,Chris,Woodruff,USA,1973.01.02,1973,2,1993,82,180,188,74,"Knoxville, TN, USA"
overview,Frew,McMillan,RSA,1942.05.20,1942,20,,76,168,183,72,"Springs, South Africa"
overview,Herbert,Lawford,GBR,,,,,,,,,
overview,Adrian,Voinea,ROU,1974.08.06,1974,6,1993,73,160,185,73,"Focsani, Romania"
overview,Leander,Paes,IND,1973.06.17,1973,17,1991,78,171,178,70,"Calcutta, India"
overview,Erik,Van Dillen,USA,1951.02.21,1951,21,,70,155,183,72,"San Mateo, CA, USA"
overview,Clarence,Hobart,USA,,,,,,,,,
overview,Frances,Tiafoe,USA,1998.01.20,1998,20,2015,86,190,188,74,"Hyattsville, MD, USA"
overview,Juan Manuel,Cerundolo,ARG,2001.11.15,2001,15,2018,76,167,183,72,"Buenos Aires, Argentina"
overview,Jan,Gunnarsson,SWE,1962.05.30,1962,30,,80,176,185,73,"Olofstrom, Sweden"
overview,Jay,Lapidus,USA,1959.05.01,1959,1,1980,86,190,188,74,"Princeton, NJ"
overview,Ken,McGregor,AUS,1929.06.02,1929,2,,,,,,
overview,Juan,Balcells,ESP,1975.06.20,1975,20,1996,93,205,191,75,"Barcelona, Spain"
overview,Marcel,Bernard,FRA,1914.05.18,1914,18,,,,,,
overview,Gordon,Lowe,GBR,1884.06.21,1884,21,,,,,,Edgbaston
overview,Paolo,Lorenzi,ITA,1981.12.15,1981,15,2003,78,172,183,72,"Rome, Italy"
overview,Gilbert,Schaller,AUT,1969.03.17,1969,17,1987,70,155,180,71,"Bruck, Stiria, Austria"
overview,Danny,Saltz,USA,1961.07.30,1961,30,,79,175,193,76,"Chicago, IL"
overview,Arnaud,Di Pasquale,FRA,1979.02.11,1979,11,1998,80,176,185,73,"Casablanca, Morocco"
overview,Wesley,Moodie,RSA,1979.02.14,1979,14,2000,91,200,196,77,"Durban, South Africa"
overview,Frank,Hadow,GBR,,,,,,,,,
overview,Chuck,McKinley,USA,1941.01.05,1941,5,,70,155,173,68,"St. Louis, MO, USA"
overview,Ricardo,Mello,BRA,1980.12.21,1980,21,1999,73,161,175,69,"Campinas, Brazil"
overview,Rafael,Osuna,MEX,1938.09.15,1938,15,,,,,,"Mexico City, Mexico"
overview,Diego,Perez,URU,1962.02.09,1962,9,1981,75,166,178,70,"Montevideo, Uruguay"
overview,Goran,Prpic,CRO,1964.05.04,1964,4,1984,75,165,180,71,"Zagreb, Croatia"
overview,Kjell,Johansson,SWE,1951.02.12,1951,12,,,,,,"Delasjofors, Sweden"
overview,Thanasi,Kokkinakis,AUS,1996.04.10,1996,10,2013,84,185,193,76,"Adelaide, Australia"
overview,Alex,Calatrava,ESP,1973.06.14,1973,14,1993,82,181,191,75,"Cologne, Germany"
overview,Dimitri,Poliakov,UKR,1968.01.19,1968,19,1989,75,165,183,72,"Kiev, Ukraine"
overview,Frederic,Fontang,FRA,1970.03.18,1970,18,1989,70,155,183,72,"Casablanca, Morocco"
overview,Sven,Davidson,SWE,1928.07.13,1928,13,,,,,,Boras
overview,Scott,Draper,AUS,1974.06.05,1974,5,1993,78,171,175,69,"Brisbane, QLD, Australia"
overview,Jonathan,Canter,USA,1965.06.04,1965,4,1983,79,175,185,73,"Los Angeles, CA"
overview,Mark,Koevermans,NED,1968.02.03,1968,3,1987,79,175,185,73,"Rotterdam, Netherlands"
overview,Taro,Daniel,JPN,1993.01.27,1993,27,2010,84,185,191,75,"New York, NY, USA"
overview,Thomas,Bundy,USA,1881.10.08,1881,8,,,,,,
overview,Ryan,Harrison,USA,1992.05.07,1992,7,2007,84,185,185,73,"Shreveport, LA, USA"
overview,Antonio,Zugarelli,ITA,1950.01.17,1950,17,,,,,,"Rome, Italy"
overview,Birger,Andersson,SWE,1951.03.26,1951,26,0,0,0,0,0,
overview,Clarence,Clark,USA,,,,,,,,,
overview,Spencer,Gore,GBR,,,,,,,,,
overview,Milan,Holecek,CZE,1943.10.23,1943,23,,88,195,191,75,"Pardubice, Czechoslovakia"
overview,Robbie,Weiss,USA,1966.12.01,1966,1,1988,75,165,183,72,"Chicago, IL"
overview,Claudio,Pistolesi,ITA,1967.08.25,1967,25,1985,76,167,180,71,"Rome, Italy"
overview,William,Glyn,USA,,,,,,,,,
overview,Patrick,McEnroe,USA,1966.07.01,1966,1,1988,73,160,183,72,"Manhasset, NY"
overview,Pieter,Aldrich,RSA,1965.09.07,1965,7,1987,80,177,180,71,"Johannesburg, South Africa"
overview,Marc-Andrea,Huesler,SUI,1996.06.24,1996,24,2016,86,189,196,77,"Zurich, Switzerland"
overview,Philipp,Petzschner,GER,1984.03.24,1984,24,2001,77,170,185,73,"Bayreuth, Germany"
overview,William,Harris,USA,1947.01.14,1947,14,,,,,,"West Palm Beach, FL"
overview,John,Doeg,USA,1908.12.07,1908,7,,,,,,Guaymas
overview,Alex,O'Brien,USA,1970.03.07,1970,7,1992,88,195,185,73,"Amarillo, TX, USA"
overview,Matt,Doyle,IRL,1958.01.13,1958,13,,86,190,193,76,"Redwood City, CA"
overview,Julien,Boutter,FRA,1974.04.05,1974,5,1996,86,190,191,75,"Boulay, France"
overview,Dominique,Bedel,FRA,1957.02.20,1957,20,,73,160,185,73,"Casablanca, Morocco"
overview,Ricki,Osterthun,GER,1964.05.02,1964,2,,77,170,185,73,"Hamburg, Germany"
overview,Werner,Zirngibl,GER,1956.09.04,1956,4,,,,,,"Munich, Germany"
overview,Carsten,Arriens,GER,1969.04.11,1969,11,1991,81,178,193,76,"Frankfurt, Germany"
overview,Andreas,Vinciguerra,SWE,1981.02.19,1981,19,1998,73,160,180,71,"Malmo, Sweden"
overview,Edgar,Moon,AUS,1904.12.03,1904,3,,,,,,
overview,Pablo,Arraya,PER,1961.10.21,1961,21,1980,73,160,180,71,"Cordoba, Argentina"
overview,Dan,Cassidy,USA,1961.04.29,1961,29,,70,155,178,70,"Hollywood, FL"
overview,Hicham,Arazi,MAR,1973.10.19,1973,19,1993,65,143,175,69,"Casablanca, Morocco"
overview,Andreas,Maurer,GER,1958.03.08,1958,8,,71,157,175,69,"Gelsenk-Buer, Germany"
overview,Fred,Alexander,USA,1880.08.14,1880,14,,,,,,
overview,Victor,Hanescu,ROU,1981.07.21,1981,21,2000,88,194,198,78,"Bucharest, Romania"
overview,Yvon,Petra,FRA,1916.03.08,1916,8,,,,,,
overview,Lars,Elvstrom,DEN,1949.08.18,1949,18,,,,,,"Copenhagen, Denmark"
overview,Jerome,Haehnel,FRA,1980.07.14,1980,14,1998,78,172,185,73,"Mulhouse, France"
overview,Chuck,Adams,USA,1971.04.23,1971,23,1990,81,178,185,73,"Pacific Palisades, CA"
overview,Santiago,Ventura,ESP,1980.01.05,1980,5,2001,78,172,183,72,"Castellon, Spain"
overview,Roberto,Carretero,ESP,1975.08.30,1975,30,1993,91,200,178,70,"Madrid, Spain"
overview,John,Hawkes,AUS,1899.06.07,1899,7,,,,,,"Geelong, Victoria"
overview,Juan Ignacio,Londero,ARG,1993.08.15,1993,15,2010,70,154,180,71,"Jesus Maria, Argentina"
overview,Horace,Rice,AUS,1873.09.05,1873,5,,,,,,
overview,Quincy,Shaw,USA,,,,,,,,,
overview,Derrick,Rostagno,USA,1965.10.25,1965,25,1986,75,165,185,73,"Hollywood, CA"
overview,Nicolas,Jarry,CHI,1995.10.11,1995,11,2014,90,198,198,78,"Santiago, Chile"
overview,Leonardo,Lavalle,MEX,1967.07.14,1967,14,1985,79,175,188,74,"Mexico City, Mexico"
overview,Howard,Taylor,USA,,,,,,,,,
overview,Christian,Miniussi,ARG,1967.07.05,1967,5,1984,75,165,185,73,"Buenos Aires, Argentina"
overview,Ismail,El Shafei,EGY,1947.11.15,1947,15,,,,,,"Cairo, Egypt"
overview,Thiago,Seyboth Wild,BRA,2000.03.10,2000,10,2018,80,176,185,73,"Marechal Candido Rondon, BRA"
overview,Hyung-Taik,Lee,KOR,1976.01.03,1976,3,1995,82,180,180,71,"Hoingsung, Korea"
overview,Bob,Carmichael,AUS,1940.07.04,1940,4,,82,180,183,72,"Melbourne, VIC, Australia"
overview,Massimiliano,Narducci,ITA,1964.02.25,1964,25,,85,188,185,73,"Ascioli Picano, Italy"
overview,Guido,Pella,ARG,1990.05.17,1990,17,2007,79,174,183,72,"Bahia Blanca, Argentina"
overview,Albert,Portas,ESP,1973.11.15,1973,15,1994,78,172,188,74,"Barcelona, Spain"
overview,Matt,Anger,USA,1963.06.20,1963,20,1984,77,170,188,74,"Walnut Creek, CA"
overview,Neville,Godwin,RSA,1975.01.31,1975,31,1994,73,161,173,68,"Johannesburg, South Africa"
overview,Manliffe,Goodbody,IRL,,,,,,,,,
overview,Soonwoo,Kwon,KOR,1997.12.02,1997,2,2015,72,159,180,71,"Sangju, South Korea"
overview,Guillaume,Raoux,FRA,1970.02.14,1970,14,1989,77,170,180,71,"Bagnol Sur Ceze, France"
overview,Jim,Pugh,USA,1964.02.05,1964,5,1985,82,180,193,76,"Burbank, CA, U.S.A."
overview,Rolf,Gehring,GER,1955.11.25,1955,25,,79,175,185,73,"Dusseldorf, Germany"
overview,Roberto,Carballes Baena,ESP,1993.03.23,1993,23,2011,77,170,183,72,"Tenerife, Spain"
overview,Claudio,Panatta,ITA,1960.02.02,1960,2,,77,170,178,70,"Rome, Italy"
overview,Godfrey,Brinley,USA,,,,,,,,,
overview,Dusan,Lajovic,SRB,1990.06.30,1990,30,2007,83,183,183,72,"Belgrade, Serbia"
overview,Nduka,Odizor,NGR,1958.08.09,1958,9,,75,165,183,72,"Lagos, Nigeria"
overview,Colin,Dowdeswell,GBR,1955.05.12,1955,12,,79,175,185,73,"London, England"
overview,Jan,Norback,SWE,1956.03.06,1956,6,,,,,,
overview,Sidney Jr.,Wood,USA,1911.11.01,1911,1,,,,,,
overview,Ulf,Stenlund,SWE,1967.01.21,1967,21,,70,155,180,71,"Falun, Sweden"
overview,Patrick,Proisy,FRA,1949.09.10,1949,10,,70,154,180,71,"Eureux, France"
overview,Vincent,Spadea,USA,1974.07.19,1974,19,1993,77,170,183,72,"Chicago, Illinois, USA"
overview,J.,Parmly Paret,USA,,,,,,,,,
overview,Oliver,Campbell,USA,,,,,,,,,
overview,Gabriel,Markus,ARG,1970.03.31,1970,31,1989,76,167,180,71,"Buenos Aires, Argentina"
overview,Rhys,Gemmell,AUS,,,,,,,,,
overview,Tim,van Rijthoven,NED,1997.04.24,1997,24,2015,88,195,188,74,"Roosendaal, The Netherlands"
overview,Christian,Kuhnke,GER,1939.04.13,1939,13,,,,,,
overview,Benjamin,Becker,GER,1981.06.16,1981,16,2005,72,158,178,70,"Merzig, Germany"
overview,Billy,Martin,USA,1956.12.25,1956,25,1975,86,190,178,70,"Evanston, IL, USA"
overview,Paul,Haarhuis,NED,1966.02.19,1966,19,1989,80,177,188,74,"Eindhoven, Netherlands"
overview,Ernest,Renshaw,GBR,,,,,,,,,
overview,John,Millman,AUS,1989.06.14,1989,14,2006,79,174,183,72,"Brisbane, Australia"
overview,Antony,Dupuis,FRA,1973.02.24,1973,24,1992,87,192,185,73,"Bayonne, France"
overview,Sebastian,Baez,ARG,2000.12.28,2000,28,2018,70,154,170,67,"Buenos Aires, Argentina"
overview,Howard,Schoenfield,USA,1957.11.15,1957,15,,,,,,
overview,Lars,Burgsmuller,GER,1975.12.06,1975,6,1993,73,161,183,72,"Mulheim, Germany"
overview,Marko,Ostoja,CRO,1960.10.20,1960,20,,70,155,175,69,"Bonn, Germany"
overview,Ryan,Sweeting,USA,1987.07.14,1987,14,2007,83,184,196,77,"Nassau, Bahamas"
overview,Denis,Shapovalov,CAN,1999.04.15,1999,15,2017,75,165,185,73,"Tel Aviv, Israel"
overview,Thomas,Hogstedt,SWE,1963.09.21,1963,21,1981,77,170,191,75,"Mariestad, Sweden"
overview,Milan,Srejber,CZE,1963.12.30,1963,30,,98,216,203,80,"Prague, Czechoslovakia"
overview,Jared,Palmer,USA,1971.07.02,1971,2,1991,84,185,191,75,"New York, New York, USA"
overview,Jose Francisco,Altur,ESP,1968.03.24,1968,24,1985,81,179,191,75,"Valencia, Spain"
overview,Jeremy,Chardy,FRA,1987.02.12,1987,12,2005,75,165,188,74,"Pau, France"
overview,Peter,Wessels,NED,1978.05.07,1978,7,1996,85,187,196,77,"Zwolle, The Netherlands"
overview,James Cecile,Parke,AUS,,,,,,,,,
overview,John,Cooper,AUS,1946.11.04,1946,4,,,,,,
overview,Robert,Maud,RSA,1946.08.12,1946,12,,78,172,180,71,"Johannesburg, South Africa"
overview,Malcolm,Whitman,USA,1877.03.15,1877,15,,,,,,"New York, NY"
overview,Sherwood,Stewart,USA,1946.06.06,1946,6,,84,185,188,74,"Goose Creek, TX"
overview,Max,Mirnyi,,1977.07.06,1977,6,1994,93,205,196,77,"Minsk, Belarus"
overview,Radu,Albot,MDA,1989.11.11,1989,11,2008,69,152,175,69,"Chisinau, Moldova"
overview,Libor,Pimek,BEL,1963.08.03,1963,3,1982,82,181,196,77,"Most, Czech Republic"
overview,Jordi,Burillo,ESP,1972.12.07,1972,7,1991,85,188,188,74,"Barcelona, Spain"
overview,Fritz,Buehning,USA,1960.03.05,1960,5,,91,200,196,77,"Summit, NJ"
overview,Jozsef,Asboth,HUN,1917.09.18,1917,18,,,,,,
overview,Peter,Doohan,AUS,1961.05.02,1961,2,,84,185,191,75,"Newcastle, Australia"
overview,Juan Antonio,Marin,CRC,1975.03.02,1975,2,1996,73,162,175,69,"San Jose, Costa Rica"
overview,Niclas,Kroon,SWE,1966.02.05,1966,5,1986,82,180,183,72,"Karlstad, Sweden"
overview,Eddie,Edwards,RSA,1956.07.03,1956,3,,82,180,191,75,"Johannesburg, South Africa"
overview,Tennys,Sandgren,USA,1991.07.22,1991,22,2011,88,195,188,74,"Gallatin, TN, USA"
overview,Ivan,Dodig,CRO,1985.01.02,1985,2,2004,81,179,183,72,"Medjugorje, Bosnia-Herzegovina"
overview,Galo,Blanco,ESP,1976.10.08,1976,8,1995,72,158,170,67,"Oviedo, Spain"
overview,Michal,Tabara,CZE,1979.08.11,1979,11,1997,73,162,175,69,"Uherske Hradiste, Czech Rep."
overview,Yuichi,Sugita,JPN,1988.09.18,1988,18,2006,72,159,175,69,"Sendai, Japan"
overview,Mirza,Basic,BIH,1991.07.12,1991,12,2012,88,193,188,74,"Sarajevo, Bosnia-Herzegovina"
overview,Wayne,Arthurs,AUS,1971.03.18,1971,18,1990,91,200,185,73,"Adelaide, S.A., Australia"
overview,Martin,Mulligan,ITA,1940.10.18,1940,18,,,,,,Marrickville
overview,Mischa,Zverev,GER,1987.08.22,1987,22,2005,88,195,191,75,"Moscow, Russia"
overview,R.,Livingston Beeckman,USA,,,,,,,,,
overview,Robert,Falkenburg,USA,1926.01.29,1926,29,,,,,,
overview,Shuzo,Matsuoka,JPN,1967.11.06,1967,6,1986,80,176,185,73,"Tokyo, Japan"
overview,Eric,Jelen,GER,1965.03.11,1965,11,,77,170,180,71,"Trier, Germany"
overview,Peter,Gojowczyk,GER,1989.07.15,1989,15,2006,83,183,188,74,"Munich, Germany"
overview,Vincent,Van Patten,USA,1957.10.17,1957,17,,73,160,180,71,"Brooklyn, NY"
overview,Tom,Gullikson,USA,1951.09.08,1951,8,,77,170,180,71,"Lacrosse, WI, U.S.A."
overview,Alexander,Bublik,KAZ,1997.06.17,1997,17,2016,82,180,196,77,"Gatchina, Russia"
overview,John,Lloyd,GBR,1954.08.27,1954,27,,75,165,178,70,"Leigh-On-Sea, England"
overview,Wilmer,Allison,USA,1904.12.08,1904,8,,,,,,
overview,Arthur,O'Hara-Wood,AUS,,,,,,,,,
overview,Henner,Henkel,GER,1915.10.09,1915,9,,,,,,Posen
overview,Dennis,Ralston,USA,1942.07.27,1942,27,,77,170,188,74,"Bakersfield, CA, USA"
overview,Harold,Mahony,IRL,1867.02.13,1867,13,,,,,,Edinburgh
overview,Nick,Saviano,USA,1956.06.05,1956,5,,75,165,180,71,"Teaneck, NJ, USA"
overview,Matt,Mitchell,USA,1957.03.16,1957,16,,73,160,180,71,"Berkeley, CA"
overview,Ilya,Ivashka,,1994.02.24,1994,24,2013,87,191,193,76,"Minsk, Belarus"
overview,Pedro,Martinez,ESP,1997.04.26,1997,26,2016,76,168,185,73,"Alzira, Spain"
overview,Marton,Fucsovics,HUN,1992.02.08,1992,8,2010,82,181,188,74,"Nyiregyhaza, Hungary"
overview,James,Dwight,USA,,,,,,,,,
overview,Gianluca,Pozzi,ITA,1965.06.17,1965,17,1984,80,176,180,71,"Bari, Italy"
overview,Alexei,Popyrin,AUS,1999.08.05,1999,5,2017,78,172,196,77,"Sydney, Australia"
overview,Algernon,Kingscote,GBR,1888.12.03,1888,3,,,,,,Bangalore
overview,Horacio,Zeballos,ARG,1985.04.27,1985,27,2003,84,185,188,74,"Mar del Plata, Argentina"
overview,Hans,Kary,AUT,1949.02.23,1949,23,,,,,,"Spittal, Austria"
overview,Claudio,Mezzadri,SUI,1965.06.10,1965,10,1983,73,161,180,71,"Locarno, Switzerland"
overview,Ernest,Parker,AUS,,,,,,,,,
overview,Tommy,Paul,USA,1997.05.17,1997,17,2015,82,180,185,73,"Voorhees, NJ, USA"
overview,Jeremy,Bates,GBR,1962.06.19,1962,19,1982,73,160,180,71,"Solihull, England"
overview,Rick,Meyer,USA,1955.09.04,1955,4,,73,160,183,72,"New York, NY"
overview,Vivian,Mcgrath,AUS,1916.02.17,1916,17,,,,,,
overview,Gianni,Ocleppo,ITA,1957.04.06,1957,6,,79,175,183,72,"Turin, Italy"
overview,Jan,Vacek,CZE,1976.05.10,1976,10,1999,92,203,198,78,"Prague, Czech Republic"
overview,Larry,Stefanki,USA,1957.07.23,1957,23,,68,150,178,70,"Elmhurst, IL"
overview,Holcombe,Ward,USA,1878.11.23,1878,23,,,,,,"New York, NY"
overview,Jeff,Austin,USA,1951.07.05,1951,5,0,0,0,0,0,"Rolling Hills, CA, USA"
overview,Bill,Bowrey,AUS,1943.12.25,1943,25,,,,,,"Sydney, NSW, Australia"
overview,Hyeon,Chung,KOR,1996.05.19,1996,19,2014,89,196,188,74,"Suwon, South Korea"
overview,Igor,Kunitsyn,,1981.09.30,1981,30,1999,75,165,180,71,"Vladivostok, Russia"
overview,Carlos,Kirmayr,BRA,1950.09.23,1950,23,,68,150,173,68,"Sao Paulo, Brazil"
overview,Joseph,Hunt,USA,1919.02.17,1919,17,,,,,,San Francisco
overview,Miomir,Kecmanovic,SRB,1999.08.31,1999,31,2017,75,165,183,72,"Belgrade, Serbia"
overview,Mark,Vines,USA,1957.02.23,1957,23,,73,160,170,67,"Richmond, VA"
overview,Daniele,Bracciali,ITA,1978.01.10,1978,10,1995,82,180,178,70,"Arezzo, Italy"
overview,Pat,Dupre,USA,1954.09.16,1954,16,,79,175,191,75,"Liege, Belgium"
overview,Mikhail,Kukushkin,KAZ,1987.12.26,1987,26,2006,72,159,183,72,"Volgograd, Russia"
overview,Sergio,Casal,ESP,1962.09.08,1962,8,1981,77,170,185,73,"Barcelona, Spain"
overview,Andrew,Smith,AUS,,,,,,,,,
overview,Per,Hjertquist,SWE,1960.04.06,1960,6,,73,160,183,72,"Bodafors, Sweden"
overview,Hernan,Gumy,ARG,1972.03.05,1972,5,1991,91,200,188,74,"Buenos Aires, Argentina"
overview,Arthur,Larsen,USA,1925.04.17,1925,17,,,,,,
overview,John Colin,Gregory,GBR,1903.07.28,1903,28,,,,,,"Beverley, Yorkshire"
overview,Dinny,Pails,AUS,1921.03.04,1921,4,,,,,,
overview,Erick,Iskersky,USA,1958.01.25,1958,25,,70,155,180,71,"Toledo, OH"
overview,Sargis,Sargsian,ARM,1973.06.03,1973,3,1995,75,165,180,71,"Yerevan, Armenia"
overview,Alex,Antonitsch,AUT,1966.02.08,1966,8,1988,85,188,188,74,"Villach, Austria"
overview,Wilberforce,Eaves,GBR,1867.12.10,1867,10,,,,,,"Melbourne, Victoria"
overview,Sebastian,Korda,USA,2000.07.05,2000,5,2018,82,180,196,77,"Bradenton, FL, USA"
overview,Mauricio,Hadad,COL,1971.12.07,1971,7,1988,61,135,170,67,"Cali, Colombia"
overview,Francisco,Cerundolo,ARG,1998.08.13,1998,13,2018,80,176,185,73,"Buenos Aires, Argentina"
overview,Simone,Colombo,ITA,1963.08.28,1963,28,1993,75,165,180,71,"Milan, Italy"
overview,Andrey,Golubev,KAZ,1987.07.22,1987,22,2005,77,169,180,71,"Volzhskij, Russia"
overview,Mikael,Tillstrom,SWE,1972.03.05,1972,5,1991,73,160,185,73,"Jonkoping, Sweden"
overview,Maxime,Cressy,USA,1997.05.08,1997,8,2019,85,187,201,79,"Paris, France"
overview,Willoughby,Hamilton,GBR,,,,,,,,,
overview,Daniel,Evans,GBR,1990.05.23,1990,23,2006,75,165,175,69,"Birmingham, England"
overview,Roberto,Arguello,ARG,1963.05.12,1963,12,0,66,146,173,68,"Rosario, Argentina"
