2020-8888,1,ATP Cup,ATP Cup,8888,atp-cup,"Brisbane/Perth/Sydney, Australia",2020.01.03,2020,1,3,24,24,Outdoor,Hard,"$15,000,000",USD,15000000,/en/scores/archive/atp-cup/8888/2020/results,,,,,,,,,,,,
2020-451,2,ATP 250,Doha,451,doha,"Doha, Qatar",2020.01.06,2020,1,6,28,16,Outdoor,Hard,"$1,465,260",USD,1465260,/en/scores/archive/doha/451/2020/results,Andrey Rublev,/en/players/andrey-rublev/re44/overview,andrey-rublev,re44,Rohan Bopanna,/en/players/rohan-bopanna/b757/overview,rohan-bopanna,b757,Wesley Koolhof,/en/players/wesley-koolhof/kc41/overview,wesley-koolhof,kc41
2020-8998,3,ATP 250,Adelaide,8998,adelaide,"Adelaide, Australia",2020.01.12,2020,1,12,28,16,Outdoor,Hard,"$610,010",USD,610010,/en/scores/archive/adelaide/8998/2020/results,Andrey Rublev,/en/players/andrey-rublev/re44/overview,andrey-rublev,re44,Maximo Gonzalez,/en/players/maximo-gonzalez/g585/overview,maximo-gonzalez,g585,Fabrice Martin,/en/players/fabrice-martin/me04/overview,fabrice-martin,me04
2020-301,4,ATP 250,Auckland,301,auckland,"Auckland, New Zealand",2020.01.13,2020,1,13,28,16,Outdoor,Hard,"$610,010",USD,610010,/en/scores/archive/auckland/301/2020/results,Ugo Humbert,/en/players/ugo-humbert/hh26/overview,ugo-humbert,hh26,Luke Bambridge,/en/players/luke-bambridge/bk05/overview,luke-bambridge,bk05,Ben McLachlan,/en/players/ben-mclachlan/mo07/overview,ben-mclachlan,mo07
2020-580,5,Grand Slam,Australian Open,580,australian-open,"Melbourne, Australia",2020.01.20,2020,1,20,128,64,Outdoor,Hard,"A$32,505,000",AUD,32505000,/en/scores/archive/australian-open/580/2020/results,Novak Djokovic,/en/players/novak-djokovic/d643/overview,novak-djokovic,d643,Rajeev Ram,/en/players/rajeev-ram/r548/overview,rajeev-ram,r548,Joe Salisbury,/en/players/joe-salisbury/so70/overview,joe-salisbury,so70
2020-9158,6,ATP 250,Cordoba,9158,cordoba,"Cordoba, Argentina",2020.02.03,2020,2,3,28,16,Outdoor,Clay,"$610,010",USD,610010,/en/scores/archive/cordoba/9158/2020/results,Cristian Garin,/en/players/cristian-garin/gd64/overview,cristian-garin,gd64,Marcelo Demoliner,/en/players/marcelo-demoliner/d833/overview,marcelo-demoliner,d833,Matwe Middelkoop,/en/players/matwe-middelkoop/mb88/overview,matwe-middelkoop,mb88
2020-891,7,ATP 250,Pune,891,pune,"Pune, India",2020.02.03,2020,2,3,28,16,Outdoor,Hard,"$610,010",USD,610010,/en/scores/archive/pune/891/2020/results,Jiri Vesely,/en/players/jiri-vesely/v708/overview,jiri-vesely,v708,Andre Goransson,/en/players/andre-goransson/ge03/overview,andre-goransson,ge03,Christopher Rungkat,/en/players/christopher-rungkat/r862/overview,christopher-rungkat,r862
2020-375,8,ATP 250,Montpellier,375,montpellier,"Montpellier, France",2020.02.03,2020,2,3,28,16,Indoor,Hard,"€606,350",EUR,606350,/en/scores/archive/montpellier/375/2020/results,Gael Monfils,/en/players/gael-monfils/mc65/overview,gael-monfils,mc65,Nikola Cacic,/en/players/nikola-cacic/cc54/overview,nikola-cacic,cc54,Mate Pavic,/en/players/mate-pavic/pf00/overview,mate-pavic,pf00
2020-407,9,ATP 500,Rotterdam,407,rotterdam,"Rotterdam, Netherlands",2020.02.10,2020,2,10,32,16,Indoor,Hard,"€2,155,295",EUR,2155295,/en/scores/archive/rotterdam/407/2020/results,Gael Monfils,/en/players/gael-monfils/mc65/overview,gael-monfils,mc65,Pierre-Hugues Herbert,/en/players/pierre-hugues-herbert/h996/overview,pierre-hugues-herbert,h996,Nicolas Mahut,/en/players/nicolas-mahut/m873/overview,nicolas-mahut,m873
2020-424,10,ATP 250,New York,424,new-york,"New York, United States",2020.02.10,2020,2,10,28,16,Indoor,Hard,"$804,180",USD,804180,/en/scores/archive/new-york/424/2020/results,Kyle Edmund,/en/players/kyle-edmund/e831/overview,kyle-edmund,e831,Dominic Inglot,/en/players/dominic-inglot/i200/overview,dominic-inglot,i200,Aisam-Ul-Haq Qureshi,/en/players/aisam-ul-haq-qureshi/q019/overview,aisam-ul-haq-qureshi,q019
2020-506,11,ATP 250,Buenos Aires,506,buenos-aires,"Buenos Aires, Argentina",2020.02.10,2020,2,10,28,16,Outdoor,Clay,"$696,280",USD,696280,/en/scores/archive/buenos-aires/506/2020/results,Casper Ruud,/en/players/casper-ruud/rh16/overview,casper-ruud,rh16,Marcel Granollers,/en/players/marcel-granollers/g710/overview,marcel-granollers,g710,Horacio Zeballos,/en/players/horacio-zeballos/z184/overview,horacio-zeballos,z184
2020-6932,12,ATP 500,Rio de Janeiro,6932,rio-de-janeiro,"Rio de Janeiro, Brazil",2020.02.17,2020,2,17,32,16,Outdoor,Clay,"$1,915,485",USD,1915485,/en/scores/archive/rio-de-janeiro/6932/2020/results,Cristian Garin,/en/players/cristian-garin/gd64/overview,cristian-garin,gd64,Marcel Granollers,/en/players/marcel-granollers/g710/overview,marcel-granollers,g710,Horacio Zeballos,/en/players/horacio-zeballos/z184/overview,horacio-zeballos,z184
2020-496,13,ATP 250,Marseille,496,marseille,"Marseille, France",2020.02.17,2020,2,17,28,16,Indoor,Hard,"€769,670",EUR,769670,/en/scores/archive/marseille/496/2020/results,Stefanos Tsitsipas,/en/players/stefanos-tsitsipas/te51/overview,stefanos-tsitsipas,te51,Nicolas Mahut,/en/players/nicolas-mahut/m873/overview,nicolas-mahut,m873,Vasek Pospisil,/en/players/vasek-pospisil/pd07/overview,vasek-pospisil,pd07
2020-499,14,ATP 250,Delray Beach,499,delray-beach,"Delray Beach, United States",2020.02.17,2020,2,17,32,16,Outdoor,Hard,"$673,655",USD,673655,/en/scores/archive/delray-beach/499/2020/results,Reilly Opelka,/en/players/reilly-opelka/o522/overview,reilly-opelka,o522,Bob Bryan,/en/players/bob-bryan/b588/overview,bob-bryan,b588,Mike Bryan,/en/players/mike-bryan/b589/overview,mike-bryan,b589
2020-495,15,ATP 500,Dubai,495,dubai,"Dubai, United Arab Emirates",2020.02.24,2020,2,24,32,16,Outdoor,Hard,"$2,950,420",USD,2950420,/en/scores/archive/dubai/495/2020/results,Novak Djokovic,/en/players/novak-djokovic/d643/overview,novak-djokovic,d643,John Peers,/en/players/john-peers/pc96/overview,john-peers,pc96,Michael Venus,/en/players/michael-venus/v576/overview,michael-venus,v576
2020-807,16,ATP 500,Acapulco,807,acapulco,"Acapulco, Mexico",2020.02.24,2020,2,24,32,16,Outdoor,Hard,"$2,000,845",USD,2000845,/en/scores/archive/acapulco/807/2020/results,Rafael Nadal,/en/players/rafael-nadal/n409/overview,rafael-nadal,n409,Lukasz Kubot,/en/players/lukasz-kubot/k540/overview,lukasz-kubot,k540,Marcelo Melo,/en/players/marcelo-melo/m919/overview,marcelo-melo,m919
2020-8996,17,ATP 250,Santiago,8996,santiago,"Santiago, Chile",2020.02.24,2020,2,24,28,16,Outdoor,Clay,"$674,730",USD,674730,/en/scores/archive/santiago/8996/2020/results,Thiago Seyboth Wild,/en/players/thiago-seyboth-wild/sx91/overview,thiago-seyboth-wild,sx91,Roberto Carballes Baena,/en/players/roberto-carballes-baena/cf59/overview,roberto-carballes-baena,cf59,Alejandro Davidovich Fokina,/en/players/alejandro-davidovich-fokina/dh50/overview,alejandro-davidovich-fokina,dh50
2020-404,18,Masters 1000,ATP Masters 1000 Indian Wells (Suspended),404,indian-wells,"Indian Wells, United States",2020.03.12,2020,3,12,96,32,Outdoor,Hard,"$9,735,685",USD,9735685,/en/scores/archive/indian-wells/404/2020/results,,,,,,,,,,,,
2020-403,19,Masters 1000,ATP Masters 1000 Miami (Suspended),403,miami,"Miami, United States",2020.03.25,2020,3,25,96,32,Outdoor,Hard,"$9,735,685",USD,9735685,/en/scores/archive/miami/403/2020/results,,,,,,,,,,,,
2020-717,20,ATP 250,Houston (Suspended),717,houston,"Houston, United States",2020.04.06,2020,4,6,28,16,Outdoor,Clay,"$674,730",USD,674730,/en/scores/archive/houston/717/2020/results,,,,,,,,,,,,
2020-360,21,ATP 250,Marrakech (Suspended),360,marrakech,"Marrakech, Morocco",2020.04.06,2020,4,6,32,16,Outdoor,Clay,"€606,350",EUR,606350,/en/scores/archive/marrakech/360/2020/results,,,,,,,,,,,,
2020-410,22,Masters 1000,ATP Masters 1000 Monte Carlo (Suspended),410,monte-carlo,"Monte Carlo, Monaco",2020.04.12,2020,4,12,56,28,Outdoor,Clay,"€5,961,830",EUR,5961830,/en/scores/archive/monte-carlo/410/2020/results,,,,,,,,,,,,
2020-425,23,ATP 500,Barcelona (Suspended),425,barcelona,"Barcelona, Spain",2020.04.20,2020,4,20,48,16,Outdoor,Clay,"€2,803,265",EUR,2803265,/en/scores/archive/barcelona/425/2020/results,,,,,,,,,,,,
2020-7648,24,ATP 250,Budapest (Suspended),7648,budapest,"Budapest, Hungary",2020.04.20,2020,4,20,28,16,Outdoor,Clay,"€606,350",EUR,606350,/en/scores/archive/budapest/7648/2020/results,,,,,,,,,,,,
2020-7290,25,ATP 250,Estoril (Suspended),7290,estoril,"Estoril, Portugal",2020.04.27,2020,4,27,28,16,Outdoor,Clay,"€606,350",EUR,606350,/en/scores/archive/estoril/7290/2020/results,,,,,,,,,,,,
2020-308,26,ATP 250,Munich (Suspended),308,munich,"Munich, Germany",2020.04.27,2020,4,27,28,16,Outdoor,Clay,"€606,350",EUR,606350,/en/scores/archive/munich/308/2020/results,,,,,,,,,,,,
2020-322,27,ATP 250,Geneva (Suspended),322,geneva,"Geneva, Switzerland",2020.05.17,2020,5,17,28,16,Outdoor,Clay,"€606,350",EUR,606350,/en/scores/archive/geneva/322/2020/results,,,,,,,,,,,,
2020-7694,28,ATP 250,Lyon (Suspended),7694,lyon,"Lyon, France",2020.05.17,2020,5,17,28,16,Outdoor,Clay,"€606,350",EUR,606350,/en/scores/archive/lyon/7694/2020/results,,,,,,,,,,,,
2020-321,29,ATP 250,Stuttgart (Suspended),321,stuttgart,"Stuttgart, Germany",2020.06.08,2020,6,8,28,16,Outdoor,Grass,"€780,570",EUR,780570,/en/scores/archive/stuttgart/321/2020/results,,,,,,,,,,,,
2020-440,30,ATP 250,'s-Hertogenbosch (Suspended),440,s-hertogenbosch,"'s-Hertogenbosch, Netherlands",2020.06.08,2020,6,8,28,16,Outdoor,Grass,"€735,790",EUR,735790,/en/scores/archive/s-hertogenbosch/440/2020/results,,,,,,,,,,,,
2020-500,31,ATP 500,Halle (Suspended),500,halle,"Halle, Germany",2020.06.15,2020,6,15,32,16,Outdoor,Grass,"€2,275,960",EUR,2275960,/en/scores/archive/halle/500/2020/results,,,,,,,,,,,,
2020-311,32,ATP 500,London / Queen's Club (Suspended),311,london,"London, Great Britain",2020.06.15,2020,6,15,32,16,Outdoor,Grass,"€2,275,960",EUR,2275960,/en/scores/archive/london/311/2020/results,,,,,,,,,,,,
2020-8994,33,ATP 250,Mallorca (Suspended),8994,mallorca,"Mallorca, Spain",2020.06.21,2020,6,21,28,16,Outdoor,Grass,"$963,655",USD,963655,/en/scores/archive/mallorca/8994/2020/results,,,,,,,,,,,,
2020-741,34,ATP 250,Eastbourne (Suspended),741,eastbourne,"Eastbourne, Great Britain",2020.06.22,2020,6,22,28,16,Outdoor,Grass,"€771,680",EUR,771680,/en/scores/archive/eastbourne/741/2020/results,,,,,,,,,,,,
2020-540,35,Grand Slam,Wimbledon (Suspended),540,wimbledon,"London, Great Britain",2020.06.29,2020,6,29,128,64,Outdoor,Grass,,,,/en/scores/archive/wimbledon/540/2020/results,,,,,,,,,,,,
2020-315,36,ATP 250,Newport (Suspended),315,newport,"Newport, United States",2020.07.13,2020,7,13,28,16,Outdoor,Grass,"$674,730",USD,674730,/en/scores/archive/newport/315/2020/results,,,,,,,,,,,,
2020-316,37,ATP 250,Bastad (Suspended),316,bastad,"Bastad, Sweden",2020.07.13,2020,7,13,28,16,Outdoor,Clay,"€606,350",EUR,606350,/en/scores/archive/bastad/316/2020/results,,,,,,,,,,,,
2020-7480,38,ATP 250,Los Cabos (Suspended),7480,los-cabos,"Los Cabos, Mexico",2020.07.20,2020,7,20,28,16,Outdoor,Hard,"$933,625",USD,933625,/en/scores/archive/los-cabos/7480/2020/results,,,,,,,,,,,,
2020-314,39,ATP 250,Gstaad (Suspended),314,gstaad,"Gstaad, Switzerland",2020.07.20,2020,7,20,28,16,Outdoor,Clay,"€606,350",EUR,606350,/en/scores/archive/gstaad/314/2020/results,,,,,,,,,,,,
2020-439,40,ATP 250,Umag (Suspended),439,umag,"Umag, Croatia",2020.07.20,2020,7,20,28,16,Outdoor,Clay,"€606,350",EUR,606350,/en/scores/archive/umag/439/2020/results,,,,,,,,,,,,
2020-96,41,,Tokyo Olympics (Suspended),96,tokyo,"Tokyo, Japan",2020.07.25,2020,7,25,64,32,Outdoor,Hard,,,,/en/scores/archive/tokyo/96/2020/results,,,,,,,,,,,,
2020-6116,42,ATP 250,Atlanta (Suspended),6116,atlanta,"Atlanta, United States",2020.07.27,2020,7,27,28,16,Outdoor,Hard,"$804,180",USD,804180,/en/scores/archive/atlanta/6116/2020/results,,,,,,,,,,,,
2020-421,43,Masters 1000,ATP Masters 1000 Canada (Suspended),421,toronto,"Toronto, Canada",2020.08.10,2020,8,10,56,32,Outdoor,Hard,"$6,753,510",USD,6753510,/en/scores/archive/toronto/421/2020/results,,,,,,,,,,,,
2020-418,44,ATP 500,Washington (Suspended),418,washington,"Washington, United States",2020.08.14,2020,8,14,48,16,Outdoor,Hard,"$2,108,865",USD,2108865,/en/scores/archive/washington/418/2020/results,,,,,,,,,,,,
2020-422,45,Masters 1000,ATP Masters 1000 Cincinnati,422,new-york,"New York, United States",2020.08.22,2020,8,22,56,32,Outdoor,Hard,"$4,674,780",USD,4674780,/en/scores/archive/new-york/422/2020/results,Novak Djokovic,/en/players/novak-djokovic/d643/overview,novak-djokovic,d643,Pablo Carreno Busta,/en/players/pablo-carreno-busta/cd85/overview,pablo-carreno-busta,cd85,Alex de Minaur,/en/players/alex-de-minaur/dh58/overview,alex-de-minaur,dh58
2020-6242,46,ATP 250,Winston-Salem (Suspended),6242,winston-salem,"Winston-Salem, United States",2020.08.23,2020,8,23,48,16,Outdoor,Hard,"$835,020",USD,835020,/en/scores/archive/winston-salem/6242/2020/results,,,,,,,,,,,,
2020-560,47,Grand Slam,US Open,560,us-open,"New York, United States",2020.08.31,2020,8,31,128,32,Outdoor,Hard,"$21,656,000",USD,21656000,/en/scores/archive/us-open/560/2020/results,Dominic Thiem,/en/players/dominic-thiem/tb69/overview,dominic-thiem,tb69,Mate Pavic,/en/players/mate-pavic/pf00/overview,mate-pavic,pf00,Bruno Soares,/en/players/bruno-soares/s938/overview,bruno-soares,s938
2020-319,48,ATP 250,Kitzbuhel,319,kitzbuhel,"Kitzbuhel, Austria",2020.09.08,2020,9,8,28,16,Outdoor,Clay,"€400,335",EUR,400335,/en/scores/archive/kitzbuhel/319/2020/results,Miomir Kecmanovic,/en/players/miomir-kecmanovic/ki95/overview,miomir-kecmanovic,ki95,Austin Krajicek,/en/players/austin-krajicek/ka00/overview,austin-krajicek,ka00,Franko Skugor,/en/players/franko-skugor/sf76/overview,franko-skugor,sf76
2020-1536,49,Masters 1000,ATP Masters 1000 Madrid (Suspended),1536,madrid,"Madrid, Spain",2020.09.13,2020,9,13,56,28,Outdoor,Clay,"€7,659,165",EUR,7659165,/en/scores/archive/madrid/1536/2020/results,,,,,,,,,,,,
2020-416,50,Masters 1000,ATP Masters 1000 Rome,416,rome,"Rome, Italy",2020.09.14,2020,9,14,56,32,Outdoor,Clay,"€3,854,000",EUR,3854000,/en/scores/archive/rome/416/2020/results,Novak Djokovic,/en/players/novak-djokovic/d643/overview,novak-djokovic,d643,Marcel Granollers,/en/players/marcel-granollers/g710/overview,marcel-granollers,g710,Horacio Zeballos,/en/players/horacio-zeballos/z184/overview,horacio-zeballos,z184
2020-414,51,ATP 500,Hamburg,414,hamburg,"Hamburg, Germany",2020.09.21,2020,9,21,32,16,Outdoor,Clay,"€1,203,960",EUR,1203960,/en/scores/archive/hamburg/414/2020/results,Andrey Rublev,/en/players/andrey-rublev/re44/overview,andrey-rublev,re44,John Peers,/en/players/john-peers/pc96/overview,john-peers,pc96,Michael Venus,/en/players/michael-venus/v576/overview,michael-venus,v576
2020-341,52,ATP 250,Metz (Suspended),341,metz,"Metz, France",2020.09.21,2020,9,21,28,16,Indoor,Hard,"€606,350",EUR,606350,/en/scores/archive/metz/341/2020/results,,,,,,,,,,,,
2020-9210,53,Laver Cup,Laver Cup (Suspended),9210,laver-cup,"Boston, United States",2020.09.25,2020,9,25,12,12,Indoor,Hard,,,,/en/scores/archive/laver-cup/9210/2020/results,,,,,,,,,,,,
2020-520,54,Grand Slam,Roland Garros,520,roland-garros,"Paris, France",2020.09.27,2020,9,27,128,64,Outdoor,Clay,"€18,209,040",EUR,18209040,/en/scores/archive/roland-garros/520/2020/results,Rafael Nadal,/en/players/rafael-nadal/n409/overview,rafael-nadal,n409,Kevin Krawietz,/en/players/kevin-krawietz/kb92/overview,kevin-krawietz,kb92,Andreas Mies,/en/players/andreas-mies/mj40/overview,andreas-mies,mj40
2020-7581,55,ATP 250,Chengdu (Suspended),7581,chengdu,"Chengdu, China",2020.09.28,2020,9,28,28,16,Outdoor,Hard,"$1,255,180",USD,1255180,/en/scores/archive/chengdu/7581/2020/results,,,,,,,,,,,,
2020-9164,56,ATP 250,Zhuhai (Suspended),9164,zhuhai,"Zhuhai, China",2020.09.28,2020,9,28,28,16,Outdoor,Hard,"$1,034,655",USD,1034655,/en/scores/archive/zhuhai/9164/2020/results,,,,,,,,,,,,
2020-747,57,ATP 500,Beijing (Suspended),747,beijing,"Beijing, China",2020.10.05,2020,10,5,32,16,Outdoor,Hard,"$3,728,800",USD,3728800,/en/scores/archive/beijing/747/2020/results,,,,,,,,,,,,
2020-329,58,ATP 500,Tokyo (Suspended),329,tokyo,"Tokyo, Japan",2020.10.05,2020,10,5,32,16,Outdoor,Hard,"$2,108,865",USD,2108865,/en/scores/archive/tokyo/329/2020/results,,,,,,,,,,,,
2020-5014,59,Masters 1000,ATP Masters 1000 Shanghai (Suspended),5014,shanghai,"Shanghai, China",2020.10.11,2020,10,11,56,32,Outdoor,Hard,"$8,741,630",USD,8741630,/en/scores/archive/shanghai/5014/2020/results,,,,,,,,,,,,
2020-568,60,ATP 500,St. Petersburg,568,st-petersburg,"St. Petersburg, Russia",2020.10.12,2020,10,12,32,16,Indoor,Hard,"$1,399,370",USD,1399370,/en/scores/archive/st-petersburg/568/2020/results,Andrey Rublev,/en/players/andrey-rublev/re44/overview,andrey-rublev,re44,Jurgen Melzer,/en/players/jurgen-melzer/m762/overview,jurgen-melzer,m762,Edouard Roger-Vasselin,/en/players/edouard-roger-vasselin/r613/overview,edouard-roger-vasselin,r613
2020-9404,61,ATP 250,Cologne 1,9404,cologne,"Cologne, Germany",2020.10.12,2020,10,12,28,16,Indoor,Hard,"€271,345",EUR,271345,/en/scores/archive/cologne/9404/2020/results,Alexander Zverev,/en/players/alexander-zverev/z355/overview,alexander-zverev,z355,Pierre-Hugues Herbert,/en/players/pierre-hugues-herbert/h996/overview,pierre-hugues-herbert,h996,Nicolas Mahut,/en/players/nicolas-mahut/m873/overview,nicolas-mahut,m873
2020-9408,62,ATP 250,Sardinia,9408,sardinia,"Sardinia, Italy",2020.10.12,2020,10,12,28,16,Outdoor,Clay,"€271,345",EUR,271345,/en/scores/archive/sardinia/9408/2020/results,Laslo Djere,/en/players/laslo-djere/db63/overview,laslo-djere,db63,Marcus Daniell,/en/players/marcus-daniell/d763/overview,marcus-daniell,d763,Philipp Oswald,/en/players/philipp-oswald/o305/overview,philipp-oswald,o305
2020-429,63,ATP 250,Stockholm (Suspended),429,stockholm,"Stockholm, Sweden",2020.10.19,2020,10,19,28,16,Indoor,Hard,"€735,790",EUR,735790,/en/scores/archive/stockholm/429/2020/results,,,,,,,,,,,,
2020-438,64,ATP 250,Moscow (Suspended),438,moscow,"Moscow, Russia",2020.10.19,2020,10,19,28,16,Indoor,Hard,"$668,120",USD,668120,/en/scores/archive/moscow/438/2020/results,,,,,,,,,,,,
2020-7485,65,ATP 250,Antwerp,7485,antwerp,"Antwerp, Belgium",2020.10.19,2020,10,19,28,16,Indoor,Hard,"€472,590",EUR,472590,/en/scores/archive/antwerp/7485/2020/results,Ugo Humbert,/en/players/ugo-humbert/hh26/overview,ugo-humbert,hh26,John Peers,/en/players/john-peers/pc96/overview,john-peers,pc96,Michael Venus,/en/players/michael-venus/v576/overview,michael-venus,v576
2020-9406,66,ATP 250,Cologne 2,9406,cologne-2,"Cologne, Germany",2020.10.19,2020,10,19,28,16,Indoor,Hard,"€271,345",EUR,271345,/en/scores/archive/cologne-2/9406/2020/results,Alexander Zverev,/en/players/alexander-zverev/z355/overview,alexander-zverev,z355,Raven Klaasen,/en/players/raven-klaasen/k609/overview,raven-klaasen,k609,Ben McLachlan,/en/players/ben-mclachlan/mo07/overview,ben-mclachlan,mo07
2020-328,67,ATP 500,Basel (Suspended),328,basel,"Basel, Switzerland",2020.10.26,2020,10,26,32,16,Indoor,Hard,"€2,276,790",EUR,2276790,/en/scores/archive/basel/328/2020/results,,,,,,,,,,,,
2020-337,68,ATP 500,Vienna,337,vienna,"Vienna, Austria",2020.10.26,2020,10,26,32,16,Indoor,Hard,"€1,550,950",EUR,1550950,/en/scores/archive/vienna/337/2020/results,Andrey Rublev,/en/players/andrey-rublev/re44/overview,andrey-rublev,re44,Lukasz Kubot,/en/players/lukasz-kubot/k540/overview,lukasz-kubot,k540,Marcelo Melo,/en/players/marcelo-melo/m919/overview,marcelo-melo,m919
2020-9410,69,ATP 250,Nur-Sultan,9410,nur-sultan,"Nur-Sultan, Kazakhstan",2020.10.26,2020,10,26,28,16,Indoor,Hard,"$337,000",USD,337000,/en/scores/archive/nur-sultan/9410/2020/results,John Millman,/en/players/john-millman/mh30/overview,john-millman,mh30,Sander Gille,/en/players/sander-gille/gd32/overview,sander-gille,gd32,Joran Vliegen,/en/players/joran-vliegen/v895/overview,joran-vliegen,v895
2020-352,70,Masters 1000,ATP Masters 1000 Paris,352,paris,"Paris, France",2020.11.02,2020,11,2,56,24,Indoor,Hard,"€3,732,680",EUR,3732680,/en/scores/archive/paris/352/2020/results,Daniil Medvedev,/en/players/daniil-medvedev/mm58/overview,daniil-medvedev,mm58,Felix Auger-Aliassime,/en/players/felix-auger-aliassime/ag37/overview,felix-auger-aliassime,ag37,Hubert Hurkacz,/en/players/hubert-hurkacz/hb71/overview,hubert-hurkacz,hb71
2020-7434,71,ATP 250,Sofia,7434,sofia,"Sofia, Bulgaria",2020.11.08,2020,11,8,28,16,Indoor,Hard,"€389,270",EUR,389270,/en/scores/archive/sofia/7434/2020/results,Jannik Sinner,/en/players/jannik-sinner/s0ag/overview,jannik-sinner,s0ag,Jamie Murray,/en/players/jamie-murray/mc81/overview,jamie-murray,mc81,Neal Skupski,/en/players/neal-skupski/sl22/overview,neal-skupski,sl22
2020-7696,72,Next Gen Finals,Next Gen ATP Finals (Suspended),7696,next-gen-atp-finals,"Milan, Italy",2020.11.10,2020,11,10,8,0,Indoor,Hard,,,,/en/scores/archive/next-gen-atp-finals/7696/2020/results,,,,,,,,,,,,
2020-605,73,ATP Finals,Nitto ATP Finals,605,nitto-atp-finals,"London, Great Britain",2020.11.15,2020,11,15,8,8,Indoor,Hard,"$5,700,000",USD,5700000,/en/scores/archive/nitto-atp-finals/605/2020/results,Daniil Medvedev,/en/players/daniil-medvedev/mm58/overview,daniil-medvedev,mm58,Wesley Koolhof,/en/players/wesley-koolhof/kc41/overview,wesley-koolhof,kc41,Nikola Mektic,/en/players/nikola-mektic/mf09/overview,nikola-mektic,mf09
2021-499,1,ATP 250,Delray Beach,499,delray-beach,"Delray Beach, United States",2021.01.07,2021,1,7,28,16,Outdoor,Hard,"$418,195",USD,418195,/en/scores/archive/delray-beach/499/2021/results,Hubert Hurkacz,/en/players/hubert-hurkacz/hb71/overview,hubert-hurkacz,hb71,Ariel Behar,/en/players/ariel-behar/bd52/overview,ariel-behar,bd52,Gonzalo Escobar,/en/players/gonzalo-escobar/e661/overview,gonzalo-escobar,e661
2021-9426,2,ATP 250,Antalya,9426,antalya,"Antalya, Turkey",2021.01.07,2021,1,7,32,16,Outdoor,Hard,"€361,800",EUR,361800,/en/scores/archive/antalya/9426/2021/results,Alex de Minaur,/en/players/alex-de-minaur/dh58/overview,alex-de-minaur,dh58,Nikola Mektic,/en/players/nikola-mektic/mf09/overview,nikola-mektic,mf09,Mate Pavic,/en/players/mate-pavic/pf00/overview,mate-pavic,pf00
2021-301,3,ATP 250,Auckland (Cancelled),301,auckland,"Auckland, New Zealand",2021.01.11,2021,1,11,28,16,Outdoor,Hard,,,,/en/scores/archive/auckland/301/2021/results,,,,,,,,,,,,
2021-8998,4,ATP 250,Melbourne 1,8998,melbourne,"Melbourne, Australia",2021.02.01,2021,2,1,56,24,Outdoor,Hard,"$382,575",USD,382575,/en/scores/archive/melbourne/8998/2021/results,Jannik Sinner,/en/players/jannik-sinner/s0ag/overview,jannik-sinner,s0ag,Jamie Murray,/en/players/jamie-murray/mc81/overview,jamie-murray,mc81,Bruno Soares,/en/players/bruno-soares/s938/overview,bruno-soares,s938
2021-9428,5,ATP 250,Melbourne 2,9428,melbourne,"Melbourne, Australia",2021.02.01,2021,2,1,56,24,Outdoor,Hard,"$320,775",USD,320775,/en/scores/archive/melbourne/9428/2021/results,Daniel Evans,/en/players/daniel-evans/e687/overview,daniel-evans,e687,Nikola Mektic,/en/players/nikola-mektic/mf09/overview,nikola-mektic,mf09,Mate Pavic,/en/players/mate-pavic/pf00/overview,mate-pavic,pf00
2021-891,6,ATP 250,Pune (Cancelled),891,pune,"Pune, India",2021.02.01,2021,2,1,28,16,Outdoor,Hard,,,,/en/scores/archive/pune/891/2021/results,,,,,,,,,,,,
2021-8888,7,ATP Cup,ATP Cup,8888,atp-cup,"Melbourne, Australia",2021.02.02,2021,2,2,12,12,Outdoor,Hard,"$4,666,665",USD,4666665,/en/scores/archive/atp-cup/8888/2021/results,,,,,,,,,,,,
2021-580,8,Grand Slam,Australian Open,580,australian-open,"Melbourne, Australia",2021.02.08,2021,2,8,128,64,Outdoor,Hard,"A$32,790,000",AUD,32790000,/en/scores/archive/australian-open/580/2021/results,Novak Djokovic,/en/players/novak-djokovic/d643/overview,novak-djokovic,d643,Ivan Dodig,/en/players/ivan-dodig/d646/overview,ivan-dodig,d646,Filip Polasek,/en/players/filip-polasek/pa46/overview,filip-polasek,pa46
2021-424,9,ATP 250,New York (Cancelled),424,new-york,"New York, United States",2021.02.08,2021,2,8,28,16,Indoor,Hard,,,,/en/scores/archive/new-york/424/2021/results,,,,,,,,,,,,
2021-6932,10,ATP 500,Rio de Janeiro (Cancelled),6932,rio-de-janeiro,"Rio de Janeiro, Brazil",2021.02.15,2021,2,15,32,16,Outdoor,Clay,,,,/en/scores/archive/rio-de-janeiro/6932/2021/results,,,,,,,,,,,,
2021-9460,11,ATP 250,Singapore,9460,singapore,"Singapore, Singapore",2021.02.22,2021,2,22,28,16,Indoor,Hard,"$541,800",USD,541800,/en/scores/archive/singapore/9460/2021/results,Alexei Popyrin,/en/players/alexei-popyrin/p09z/overview,alexei-popyrin,p09z,Sander Gille,/en/players/sander-gille/gd32/overview,sander-gille,gd32,Joran Vliegen,/en/players/joran-vliegen/v895/overview,joran-vliegen,v895
2021-9158,12,ATP 250,Cordoba,9158,cordoba,"Cordoba, Argentina",2021.02.22,2021,2,22,28,16,Outdoor,Clay,"$514,800",USD,514800,/en/scores/archive/cordoba/9158/2021/results,Juan Manuel Cerundolo,/en/players/juan-manuel-cerundolo/c0c8/overview,juan-manuel-cerundolo,c0c8,Rafael Matos,/en/players/rafael-matos/mo41/overview,rafael-matos,mo41,Felipe Meligeni Alves,/en/players/felipe-meligeni-alves/mw75/overview,felipe-meligeni-alves,mw75
2021-375,13,ATP 250,Montpellier,375,montpellier,"Montpellier, France",2021.02.22,2021,2,22,28,16,Indoor,Hard,"€481,270",EUR,481270,/en/scores/archive/montpellier/375/2021/results,David Goffin,/en/players/david-goffin/gb88/overview,david-goffin,gb88,Henri Kontinen,/en/players/henri-kontinen/ka80/overview,henri-kontinen,ka80,Edouard Roger-Vasselin,/en/players/edouard-roger-vasselin/r613/overview,edouard-roger-vasselin,r613
2021-407,14,ATP 500,Rotterdam,407,rotterdam,"Rotterdam, Netherlands",2021.03.01,2021,3,1,32,16,Indoor,Hard,"€1,314,015",EUR,1314015,/en/scores/archive/rotterdam/407/2021/results,Andrey Rublev,/en/players/andrey-rublev/re44/overview,andrey-rublev,re44,Nikola Mektic,/en/players/nikola-mektic/mf09/overview,nikola-mektic,mf09,Mate Pavic,/en/players/mate-pavic/pf00/overview,mate-pavic,pf00
2021-506,15,ATP 250,Buenos Aires,506,buenos-aires,"Buenos Aires, Argentina",2021.03.01,2021,3,1,28,16,Outdoor,Clay,"$589,160",USD,589160,/en/scores/archive/buenos-aires/506/2021/results,Diego Schwartzman,/en/players/diego-schwartzman/sm37/overview,diego-schwartzman,sm37,Tomislav Brkic,/en/players/tomislav-brkic/be68/overview,tomislav-brkic,be68,Nikola Cacic,/en/players/nikola-cacic/cc54/overview,nikola-cacic,cc54
2021-451,16,ATP 250,Doha,451,doha,"Doha, Qatar",2021.03.08,2021,3,8,28,16,Outdoor,Hard,"$1,153,560",USD,1153560,/en/scores/archive/doha/451/2021/results,Nikoloz Basilashvili,/en/players/nikoloz-basilashvili/bg23/overview,nikoloz-basilashvili,bg23,Aslan Karatsev,/en/players/aslan-karatsev/kc56/overview,aslan-karatsev,kc56,Andrey Rublev,/en/players/andrey-rublev/re44/overview,andrey-rublev,re44
2021-496,17,ATP 250,Marseille,496,marseille,"Marseille, France",2021.03.08,2021,3,8,28,16,Indoor,Hard,"€610,315",EUR,610315,/en/scores/archive/marseille/496/2021/results,Daniil Medvedev,/en/players/daniil-medvedev/mm58/overview,daniil-medvedev,mm58,Lloyd Glasspool,/en/players/lloyd-glasspool/gd08/overview,lloyd-glasspool,gd08,Harri Heliovaara,/en/players/harri-heliovaara/h808/overview,harri-heliovaara,h808
2021-8996,18,ATP 250,Santiago,8996,santiago,"Santiago, Chile",2021.03.08,2021,3,8,28,16,Outdoor,Clay,"$569,010",USD,569010,/en/scores/archive/santiago/8996/2021/results,Cristian Garin,/en/players/cristian-garin/gd64/overview,cristian-garin,gd64,Simone Bolelli,/en/players/simone-bolelli/ba98/overview,simone-bolelli,ba98,Maximo Gonzalez,/en/players/maximo-gonzalez/g585/overview,maximo-gonzalez,g585
2021-495,19,ATP 500,Dubai,495,dubai,"Dubai, United Arab Emirates",2021.03.14,2021,3,14,48,16,Outdoor,Hard,"$2,048,855",USD,2048855,/en/scores/archive/dubai/495/2021/results,Aslan Karatsev,/en/players/aslan-karatsev/kc56/overview,aslan-karatsev,kc56,Juan Sebastian Cabal,/en/players/juan-sebastian-cabal/c834/overview,juan-sebastian-cabal,c834,Robert Farah,/en/players/robert-farah/f525/overview,robert-farah,f525
2021-807,20,ATP 500,Acapulco,807,acapulco,"Acapulco, Mexico",2021.03.15,2021,3,15,32,16,Outdoor,Hard,"$1,204,960",USD,1204960,/en/scores/archive/acapulco/807/2021/results,Alexander Zverev,/en/players/alexander-zverev/z355/overview,alexander-zverev,z355,Ken Skupski,/en/players/ken-skupski/sc40/overview,ken-skupski,sc40,Neal Skupski,/en/players/neal-skupski/sl22/overview,neal-skupski,sl22
2021-403,21,Masters 1000,ATP Masters 1000 Miami,403,miami,"Miami, United States",2021.03.24,2021,3,24,96,32,Outdoor,Hard,"$4,299,205",USD,4299205,/en/scores/archive/miami/403/2021/results,Hubert Hurkacz,/en/players/hubert-hurkacz/hb71/overview,hubert-hurkacz,hb71,Nikola Mektic,/en/players/nikola-mektic/mf09/overview,nikola-mektic,mf09,Mate Pavic,/en/players/mate-pavic/pf00/overview,mate-pavic,pf00
2021-360,22,ATP 250,Marrakech (Cancelled),360,marrakech,"Marrakech, Morocco",2021.04.05,2021,4,5,32,16,Outdoor,Clay,"€481,270",EUR,481270,/en/scores/archive/marrakech/360/2021/results,,,,,,,,,,,,
2021-9481,23,ATP 250,Cagliari,9481,cagliari,"Cagliari, Italy",2021.04.05,2021,4,5,28,16,Outdoor,Clay,"€408,800",EUR,408800,/en/scores/archive/cagliari/9481/2021/results,Lorenzo Sonego,/en/players/lorenzo-sonego/su87/overview,lorenzo-sonego,su87,Lorenzo Sonego,/en/players/lorenzo-sonego/su87/overview,lorenzo-sonego,su87,Andrea Vavassori,/en/players/andrea-vavassori/va08/overview,andrea-vavassori,va08
2021-9462,24,ATP 250,Marbella,9462,marbella,"Marbella, Spain",2021.04.05,2021,4,5,28,16,Outdoor,Clay,"€408,800",EUR,408800,/en/scores/archive/marbella/9462/2021/results,Pablo Carreno Busta,/en/players/pablo-carreno-busta/cd85/overview,pablo-carreno-busta,cd85,Ariel Behar,/en/players/ariel-behar/bd52/overview,ariel-behar,bd52,Gonzalo Escobar,/en/players/gonzalo-escobar/e661/overview,gonzalo-escobar,e661
2021-717,25,ATP 250,Houston (Cancelled),717,houston,"Houston, United States",2021.04.05,2021,4,5,28,16,Outdoor,Clay,,,,/en/scores/archive/houston/717/2021/results,,,,,,,,,,,,
2021-410,26,Masters 1000,ATP Masters 1000 Monte Carlo,410,monte-carlo,"Monte Carlo, Monaco",2021.04.11,2021,4,11,56,28,Outdoor,Clay,"€2,460,585",EUR,2460585,/en/scores/archive/monte-carlo/410/2021/results,Stefanos Tsitsipas,/en/players/stefanos-tsitsipas/te51/overview,stefanos-tsitsipas,te51,Nikola Mektic,/en/players/nikola-mektic/mf09/overview,nikola-mektic,mf09,Mate Pavic,/en/players/mate-pavic/pf00/overview,mate-pavic,pf00
2021-425,27,ATP 500,Barcelona,425,barcelona,"Barcelona, Spain",2021.04.19,2021,4,19,48,16,Outdoor,Clay,"€1,702,800",EUR,1702800,/en/scores/archive/barcelona/425/2021/results,Rafael Nadal,/en/players/rafael-nadal/n409/overview,rafael-nadal,n409,Juan Sebastian Cabal,/en/players/juan-sebastian-cabal/c834/overview,juan-sebastian-cabal,c834,Robert Farah,/en/players/robert-farah/f525/overview,robert-farah,f525
2021-5053,28,ATP 250,Belgrade,5053,belgrade,"Belgrade, Serbia",2021.04.19,2021,4,19,28,16,Outdoor,Clay,"€711,800",EUR,711800,/en/scores/archive/belgrade/5053/2021/results,Matteo Berrettini,/en/players/matteo-berrettini/bk40/overview,matteo-berrettini,bk40,Ivan Sabanov,/en/players/ivan-sabanov/sl50/overview,ivan-sabanov,sl50,Matej Sabanov,/en/players/matej-sabanov/sl51/overview,matej-sabanov,sl51
2021-7290,29,ATP 250,Estoril,7290,estoril,"Estoril, Portugal",2021.04.26,2021,4,26,28,16,Outdoor,Clay,"€481,270",EUR,481270,/en/scores/archive/estoril/7290/2021/results,Albert Ramos-Vinolas,/en/players/albert-ramos-vinolas/r772/overview,albert-ramos-vinolas,r772,Hugo Nys,/en/players/hugo-nys/n670/overview,hugo-nys,n670,Tim Puetz,/en/players/tim-puetz/pc68/overview,tim-puetz,pc68
2021-308,30,ATP 250,Munich,308,munich,"Munich, Germany",2021.04.26,2021,4,26,28,16,Outdoor,Clay,"€481,270",EUR,481270,/en/scores/archive/munich/308/2021/results,Nikoloz Basilashvili,/en/players/nikoloz-basilashvili/bg23/overview,nikoloz-basilashvili,bg23,Kevin Krawietz,/en/players/kevin-krawietz/kb92/overview,kevin-krawietz,kb92,Wesley Koolhof,/en/players/wesley-koolhof/kc41/overview,wesley-koolhof,kc41
2021-1536,31,Masters 1000,ATP Masters 1000 Madrid,1536,madrid,"Madrid, Spain",2021.05.02,2021,5,2,56,28,Outdoor,Clay,"€3,226,325",EUR,3226325,/en/scores/archive/madrid/1536/2021/results,Alexander Zverev,/en/players/alexander-zverev/z355/overview,alexander-zverev,z355,Marcel Granollers,/en/players/marcel-granollers/g710/overview,marcel-granollers,g710,Horacio Zeballos,/en/players/horacio-zeballos/z184/overview,horacio-zeballos,z184
2021-416,32,Masters 1000,ATP Masters 1000 Rome,416,rome,"Rome, Italy",2021.05.09,2021,5,9,56,32,Outdoor,Clay,"€2,563,710",EUR,2563710,/en/scores/archive/rome/416/2021/results,Rafael Nadal,/en/players/rafael-nadal/n409/overview,rafael-nadal,n409,Nikola Mektic,/en/players/nikola-mektic/mf09/overview,nikola-mektic,mf09,Mate Pavic,/en/players/mate-pavic/pf00/overview,mate-pavic,pf00
2021-322,33,ATP 250,Geneva,322,geneva,"Geneva, Switzerland",2021.05.16,2021,5,16,28,16,Outdoor,Clay,"€481,270",EUR,481270,/en/scores/archive/geneva/322/2021/results,Casper Ruud,/en/players/casper-ruud/rh16/overview,casper-ruud,rh16,John Peers,/en/players/john-peers/pc96/overview,john-peers,pc96,Michael Venus,/en/players/michael-venus/v576/overview,michael-venus,v576
2021-7694,34,ATP 250,Lyon,7694,lyon,"Lyon, France",2021.05.17,2021,5,17,28,16,Outdoor,Clay,"€481,270",EUR,481270,/en/scores/archive/lyon/7694/2021/results,Stefanos Tsitsipas,/en/players/stefanos-tsitsipas/te51/overview,stefanos-tsitsipas,te51,Hugo Nys,/en/players/hugo-nys/n670/overview,hugo-nys,n670,Tim Puetz,/en/players/tim-puetz/pc68/overview,tim-puetz,pc68
2021-9510,35,ATP 250,Parma,9510,parma,"Parma, Italy",2021.05.23,2021,5,23,28,16,Outdoor,Clay,"€541,800",EUR,541800,/en/scores/archive/parma/9510/2021/results,Sebastian Korda,/en/players/sebastian-korda/k0ah/overview,sebastian-korda,k0ah,Simone Bolelli,/en/players/simone-bolelli/ba98/overview,simone-bolelli,ba98,Maximo Gonzalez,/en/players/maximo-gonzalez/g585/overview,maximo-gonzalez,g585
2021-9512,36,ATP 250,Belgrade 2,9512,belgrade,"Belgrade, Serbia",2021.05.23,2021,5,23,28,16,Outdoor,Clay,"€511,000",EUR,511000,/en/scores/archive/belgrade/9512/2021/results,Novak Djokovic,/en/players/novak-djokovic/d643/overview,novak-djokovic,d643,Jonathan Erlich,/en/players/jonathan-erlich/e152/overview,jonathan-erlich,e152,Andrei Vasilevski,/en/players/andrei-vasilevski/v613/overview,andrei-vasilevski,v613
2021-520,37,Grand Slam,Roland Garros,520,roland-garros,"Paris, France",2021.05.30,2021,5,30,128,64,Outdoor,Clay,"€17,171,108",EUR,17171108,/en/scores/archive/roland-garros/520/2021/results,Novak Djokovic,/en/players/novak-djokovic/d643/overview,novak-djokovic,d643,Pierre-Hugues Herbert,/en/players/pierre-hugues-herbert/h996/overview,pierre-hugues-herbert,h996,Nicolas Mahut,/en/players/nicolas-mahut/m873/overview,nicolas-mahut,m873
2021-440,38,ATP 250,'s-Hertogenbosch (Cancelled),440,s-hertogenbosch,"'s-Hertogenbosch, Netherlands",2021.06.07,2021,6,7,28,16,Outdoor,Grass,,,,/en/scores/archive/s-hertogenbosch/440/2021/results,,,,,,,,,,,,
2021-321,39,ATP 250,Stuttgart,321,stuttgart,"Stuttgart, Germany",2021.06.08,2021,6,8,28,16,Outdoor,Grass,"€618,735",EUR,618735,/en/scores/archive/stuttgart/321/2021/results,Marin Cilic,/en/players/marin-cilic/c977/overview,marin-cilic,c977,Marcelo Demoliner,/en/players/marcelo-demoliner/d833/overview,marcelo-demoliner,d833,Santiago Gonzalez,/en/players/santiago-gonzalez/g551/overview,santiago-gonzalez,g551
2021-500,40,ATP 500,Halle,500,halle,"Halle, Germany",2021.06.14,2021,6,14,32,24,Outdoor,Grass,"€1,455,925",EUR,1455925,/en/scores/archive/halle/500/2021/results,Ugo Humbert,/en/players/ugo-humbert/hh26/overview,ugo-humbert,hh26,Kevin Krawietz,/en/players/kevin-krawietz/kb92/overview,kevin-krawietz,kb92,Horia Tecau,/en/players/horia-tecau/t749/overview,horia-tecau,t749
2021-311,41,ATP 500,London / Queen's Club,311,london,"London, Great Britain",2021.06.14,2021,6,14,32,24,Outdoor,Grass,"€1,427,455",EUR,1427455,/en/scores/archive/london/311/2021/results,Matteo Berrettini,/en/players/matteo-berrettini/bk40/overview,matteo-berrettini,bk40,Pierre-Hugues Herbert,/en/players/pierre-hugues-herbert/h996/overview,pierre-hugues-herbert,h996,Nicolas Mahut,/en/players/nicolas-mahut/m873/overview,nicolas-mahut,m873
2021-8994,42,ATP 250,Mallorca,8994,mallorca,"Mallorca, Spain",2021.06.20,2021,6,20,28,16,Outdoor,Grass,"€783,655",EUR,783655,/en/scores/archive/mallorca/8994/2021/results,Daniil Medvedev,/en/players/daniil-medvedev/mm58/overview,daniil-medvedev,mm58,Simone Bolelli,/en/players/simone-bolelli/ba98/overview,simone-bolelli,ba98,Maximo Gonzalez,/en/players/maximo-gonzalez/g585/overview,maximo-gonzalez,g585
2021-741,43,ATP 250,Eastbourne,741,eastbourne,"Eastbourne, Great Britain",2021.06.21,2021,6,21,28,16,Outdoor,Grass,"€609,065",EUR,609065,/en/scores/archive/eastbourne/741/2021/results,Alex de Minaur,/en/players/alex-de-minaur/dh58/overview,alex-de-minaur,dh58,Nikola Mektic,/en/players/nikola-mektic/mf09/overview,nikola-mektic,mf09,Mate Pavic,/en/players/mate-pavic/pf00/overview,mate-pavic,pf00
2021-540,44,Grand Slam,Wimbledon,540,wimbledon,"London, Great Britain",2021.06.28,2021,6,28,128,64,Outdoor,Grass,"£17,066,000",GBP,17066000,/en/scores/archive/wimbledon/540/2021/results,Novak Djokovic,/en/players/novak-djokovic/d643/overview,novak-djokovic,d643,Nikola Mektic,/en/players/nikola-mektic/mf09/overview,nikola-mektic,mf09,Mate Pavic,/en/players/mate-pavic/pf00/overview,mate-pavic,pf00
2021-414,45,ATP 500,Hamburg,414,hamburg,"Hamburg, Germany",2021.07.12,2021,7,12,28,16,Outdoor,Clay,"€1,168,220",EUR,1168220,/en/scores/archive/hamburg/414/2021/results,Pablo Carreno Busta,/en/players/pablo-carreno-busta/cd85/overview,pablo-carreno-busta,cd85,Tim Puetz,/en/players/tim-puetz/pc68/overview,tim-puetz,pc68,Michael Venus,/en/players/michael-venus/v576/overview,michael-venus,v576
2021-315,46,ATP 250,Newport,315,newport,"Newport, United States",2021.07.12,2021,7,12,28,16,Outdoor,Grass,"$535,535",USD,535535,/en/scores/archive/newport/315/2021/results,Kevin Anderson,/en/players/kevin-anderson/a678/overview,kevin-anderson,a678,William Blumberg,/en/players/william-blumberg/bt45/overview,william-blumberg,bt45,Jack Sock,/en/players/jack-sock/sm25/overview,jack-sock,sm25
2021-316,47,ATP 250,Bastad,316,bastad,"Bastad, Sweden",2021.07.12,2021,7,12,28,16,Outdoor,Clay,"€481,270",EUR,481270,/en/scores/archive/bastad/316/2021/results,Casper Ruud,/en/players/casper-ruud/rh16/overview,casper-ruud,rh16,Sander Arends,/en/players/sander-arends/ac55/overview,sander-arends,ac55,David Pel,/en/players/david-pel/pe69/overview,david-pel,pe69
2021-7480,48,ATP 250,Los Cabos,7480,los-cabos,"Los Cabos, Mexico",2021.07.19,2021,7,19,28,16,Outdoor,Hard,"$694,655",USD,694655,/en/scores/archive/los-cabos/7480/2021/results,Cameron Norrie,/en/players/cameron-norrie/n771/overview,cameron-norrie,n771,Hans Hach Verdugo,/en/players/hans-hach-verdugo/h938/overview,hans-hach-verdugo,h938,John Isner,/en/players/john-isner/i186/overview,john-isner,i186
2021-314,49,ATP 250,Gstaad,314,gstaad,"Gstaad, Switzerland",2021.07.19,2021,7,19,28,16,Outdoor,Clay,"€481,270",EUR,481270,/en/scores/archive/gstaad/314/2021/results,Casper Ruud,/en/players/casper-ruud/rh16/overview,casper-ruud,rh16,Marc-Andrea Huesler,/en/players/marc-andrea-huesler/hh06/overview,marc-andrea-huesler,hh06,Dominic Stricker,/en/players/dominic-stricker/s0la/overview,dominic-stricker,s0la
2021-439,50,ATP 250,Umag,439,umag,"Umag, Croatia",2021.07.19,2021,7,19,28,16,Outdoor,Clay,"€481,270",EUR,481270,/en/scores/archive/umag/439/2021/results,Carlos Alcaraz,/en/players/carlos-alcaraz/a0e2/overview,carlos-alcaraz,a0e2,Fernando Romboli,/en/players/fernando-romboli/r960/overview,fernando-romboli,r960,David Vega Hernandez,/en/players/david-vega-hernandez/v758/overview,david-vega-hernandez,v758
2021-96,51,,Tokyo Olympics,96,tokyo,"Tokyo, Japan",2021.07.24,2021,7,24,64,32,Outdoor,Hard,,,,/en/scores/archive/tokyo/96/2021/results,Alexander Zverev,/en/players/alexander-zverev/z355/overview,alexander-zverev,z355,Nikola Mektic,/en/players/nikola-mektic/mf09/overview,nikola-mektic,mf09,Mate Pavic,/en/players/mate-pavic/pf00/overview,mate-pavic,pf00
2021-6116,52,ATP 250,Atlanta,6116,atlanta,"Atlanta, United States",2021.07.26,2021,7,26,28,16,Outdoor,Hard,"$638,385",USD,638385,/en/scores/archive/atlanta/6116/2021/results,John Isner,/en/players/john-isner/i186/overview,john-isner,i186,Reilly Opelka,/en/players/reilly-opelka/o522/overview,reilly-opelka,o522,Jannik Sinner,/en/players/jannik-sinner/s0ag/overview,jannik-sinner,s0ag
2021-319,53,ATP 250,Kitzbuhel,319,kitzbuhel,"Kitzbuhel, Austria",2021.07.26,2021,7,26,28,16,Outdoor,Clay,"€481,270",EUR,481270,/en/scores/archive/kitzbuhel/319/2021/results,Casper Ruud,/en/players/casper-ruud/rh16/overview,casper-ruud,rh16,Alexander Erler,/en/players/alexander-erler/e928/overview,alexander-erler,e928,Lucas Miedler,/en/players/lucas-miedler/mo55/overview,lucas-miedler,mo55
2021-418,54,ATP 500,Washington,418,washington,"Washington, United States",2021.08.02,2021,8,2,48,16,Outdoor,Hard,"$2,046,340",USD,2046340,/en/scores/archive/washington/418/2021/results,Jannik Sinner,/en/players/jannik-sinner/s0ag/overview,jannik-sinner,s0ag,Raven Klaasen,/en/players/raven-klaasen/k609/overview,raven-klaasen,k609,Ben McLachlan,/en/players/ben-mclachlan/mo07/overview,ben-mclachlan,mo07
2021-421,55,Masters 1000,ATP Masters 1000 Canada,421,toronto,"Toronto, Canada",2021.08.09,2021,8,9,48,28,Outdoor,Hard,"$3,487,915",USD,3487915,/en/scores/archive/toronto/421/2021/results,Daniil Medvedev,/en/players/daniil-medvedev/mm58/overview,daniil-medvedev,mm58,Rajeev Ram,/en/players/rajeev-ram/r548/overview,rajeev-ram,r548,Joe Salisbury,/en/players/joe-salisbury/so70/overview,joe-salisbury,so70
2021-422,56,Masters 1000,ATP Masters 1000 Cincinnati,422,cincinnati,"Cincinnati, United States",2021.08.15,2021,8,15,56,28,Outdoor,Hard,"$6,615,690",USD,6615690,/en/scores/archive/cincinnati/422/2021/results,Alexander Zverev,/en/players/alexander-zverev/z355/overview,alexander-zverev,z355,Marcel Granollers,/en/players/marcel-granollers/g710/overview,marcel-granollers,g710,Horacio Zeballos,/en/players/horacio-zeballos/z184/overview,horacio-zeballos,z184
2021-6242,57,ATP 250,Winston-Salem,6242,winston-salem,"Winston-Salem, United States",2021.08.22,2021,8,22,48,16,Outdoor,Hard,"$807,210",USD,807210,/en/scores/archive/winston-salem/6242/2021/results,Ilya Ivashka,/en/players/ilya-ivashka/i305/overview,ilya-ivashka,i305,Marcelo Arevalo,/en/players/marcelo-arevalo/a853/overview,marcelo-arevalo,a853,Matwe Middelkoop,/en/players/matwe-middelkoop/mb88/overview,matwe-middelkoop,mb88
2021-560,58,Grand Slam,US Open,560,us-open,"New York, United States",2021.08.30,2021,8,30,128,64,Outdoor,Hard,"$27,200,000",USD,27200000,/en/scores/archive/us-open/560/2021/results,Daniil Medvedev,/en/players/daniil-medvedev/mm58/overview,daniil-medvedev,mm58,Rajeev Ram,/en/players/rajeev-ram/r548/overview,rajeev-ram,r548,Joe Salisbury,/en/players/joe-salisbury/so70/overview,joe-salisbury,so70
2021-9410,59,ATP 250,Nur-Sultan,9410,nur-sultan,"Nur-Sultan, Kazakhstan",2021.09.20,2021,9,20,28,16,Indoor,Hard,"$541,800",USD,541800,/en/scores/archive/nur-sultan/9410/2021/results,Soonwoo Kwon,/en/players/soonwoo-kwon/kf17/overview,soonwoo-kwon,kf17,Santiago Gonzalez,/en/players/santiago-gonzalez/g551/overview,santiago-gonzalez,g551,Andres Molteni,/en/players/andres-molteni/me56/overview,andres-molteni,me56
2021-341,60,ATP 250,Metz,341,metz,"Metz, France",2021.09.20,2021,9,20,28,16,Indoor,Hard,"€481,270",EUR,481270,/en/scores/archive/metz/341/2021/results,Hubert Hurkacz,/en/players/hubert-hurkacz/hb71/overview,hubert-hurkacz,hb71,Hubert Hurkacz,/en/players/hubert-hurkacz/hb71/overview,hubert-hurkacz,hb71,Jan Zielinski,/en/players/jan-zielinski/z423/overview,jan-zielinski,z423
2021-9210,61,Laver Cup,Laver Cup,9210,laver-cup,"Boston, United States",2021.09.24,2021,9,24,12,12,Indoor,Hard,,,,/en/scores/archive/laver-cup/9210/2021/results,,,,,,,,,,,,
2021-9569,62,ATP 250,San Diego,9569,san-diego,"San Diego, United States",2021.09.27,2021,9,27,28,16,Outdoor,Hard,"$661,800",USD,661800,/en/scores/archive/san-diego/9569/2021/results,Casper Ruud,/en/players/casper-ruud/rh16/overview,casper-ruud,rh16,Neal Skupski,/en/players/neal-skupski/sl22/overview,neal-skupski,sl22,Joe Salisbury,/en/players/joe-salisbury/so70/overview,joe-salisbury,so70
2021-7434,63,ATP 250,Sofia,7434,sofia,"Sofia, Bulgaria",2021.09.27,2021,9,27,28,16,Indoor,Hard,"€481,270",EUR,481270,/en/scores/archive/sofia/7434/2021/results,Jannik Sinner,/en/players/jannik-sinner/s0ag/overview,jannik-sinner,s0ag,Jonny O'Mara,/en/players/jonny-o'mara/o474/overview,jonny-o'mara,o474,Ken Skupski,/en/players/ken-skupski/sc40/overview,ken-skupski,sc40
2021-7581,64,ATP 250,Chengdu (Cancelled),7581,chengdu,"Chengdu, China",2021.09.27,2021,9,27,28,16,Outdoor,Hard,,,,/en/scores/archive/chengdu/7581/2021/results,,,,,,,,,,,,
2021-9164,65,ATP 250,Zhuhai (Cancelled),9164,zhuhai,"Zhuhai, China",2021.09.27,2021,9,27,28,16,Outdoor,Hard,,,,/en/scores/archive/zhuhai/9164/2021/results,,,,,,,,,,,,
2021-5014,66,Masters 1000,ATP Masters 1000 Shanghai (Cancelled),5014,shanghai,"Shanghai, China",2021.10.03,2021,10,3,56,32,Outdoor,Hard,,,,/en/scores/archive/shanghai/5014/2021/results,,,,,,,,,,,,
2021-747,67,ATP 500,Beijing (Cancelled),747,beijing,"Beijing, China",2021.10.04,2021,10,4,32,16,Outdoor,Hard,,,,/en/scores/archive/beijing/747/2021/results,,,,,,,,,,,,
2021-329,68,ATP 500,Tokyo (Cancelled),329,tokyo,"Tokyo, Japan",2021.10.04,2021,10,4,32,16,Outdoor,Hard,,,,/en/scores/archive/tokyo/329/2021/results,,,,,,,,,,,,
2021-404,69,Masters 1000,ATP Masters 1000 Indian Wells,404,indian-wells,"Indian Wells, United States",2021.10.07,2021,10,7,96,32,Outdoor,Hard,"$9,146,125",USD,9146125,/en/scores/archive/indian-wells/404/2021/results,Cameron Norrie,/en/players/cameron-norrie/n771/overview,cameron-norrie,n771,Filip Polasek,/en/players/filip-polasek/pa46/overview,filip-polasek,pa46,John Peers,/en/players/john-peers/pc96/overview,john-peers,pc96
2021-438,70,ATP 250,Moscow,438,moscow,"Moscow, Russia",2021.10.18,2021,10,18,28,16,Indoor,Hard,"$779,515",USD,779515,/en/scores/archive/moscow/438/2021/results,Aslan Karatsev,/en/players/aslan-karatsev/kc56/overview,aslan-karatsev,kc56,Harri Heliovaara,/en/players/harri-heliovaara/h808/overview,harri-heliovaara,h808,Matwe Middelkoop,/en/players/matwe-middelkoop/mb88/overview,matwe-middelkoop,mb88
2021-7485,71,ATP 250,Antwerp,7485,antwerp,"Antwerp, Belgium",2021.10.18,2021,10,18,28,16,Indoor,Hard,"€584,125",EUR,584125,/en/scores/archive/antwerp/7485/2021/results,Jannik Sinner,/en/players/jannik-sinner/s0ag/overview,jannik-sinner,s0ag,Nicolas Mahut,/en/players/nicolas-mahut/m873/overview,nicolas-mahut,m873,Fabrice Martin,/en/players/fabrice-martin/me04/overview,fabrice-martin,me04
2021-337,72,ATP 500,Vienna,337,vienna,"Vienna, Austria",2021.10.25,2021,10,25,32,16,Indoor,Hard,"€2,089,335",EUR,2089335,/en/scores/archive/vienna/337/2021/results,Alexander Zverev,/en/players/alexander-zverev/z355/overview,alexander-zverev,z355,Juan Sebastian Cabal,/en/players/juan-sebastian-cabal/c834/overview,juan-sebastian-cabal,c834,Robert Farah,/en/players/robert-farah/f525/overview,robert-farah,f525
2021-568,73,ATP 250,St. Petersburg,568,st-petersburg,"St. Petersburg, Russia",2021.10.25,2021,10,25,28,16,Indoor,Hard,"$932,370",USD,932370,/en/scores/archive/st-petersburg/568/2021/results,Marin Cilic,/en/players/marin-cilic/c977/overview,marin-cilic,c977,Jamie Murray,/en/players/jamie-murray/mc81/overview,jamie-murray,mc81,Bruno Soares,/en/players/bruno-soares/s938/overview,bruno-soares,s938
2021-328,74,ATP 500,Basel (Cancelled),328,basel,"Basel, Switzerland",2021.10.25,2021,10,25,32,16,Indoor,Hard,,,,/en/scores/archive/basel/328/2021/results,,,,,,,,,,,,
2021-352,75,Masters 1000,ATP Masters 1000 Paris,352,paris,"Paris, France",2021.11.01,2021,11,1,56,24,Indoor,Hard,"€5,688,155",EUR,5688155,/en/scores/archive/paris/352/2021/results,Novak Djokovic,/en/players/novak-djokovic/d643/overview,novak-djokovic,d643,Tim Puetz,/en/players/tim-puetz/pc68/overview,tim-puetz,pc68,Michael Venus,/en/players/michael-venus/v576/overview,michael-venus,v576
2021-429,76,ATP 250,Stockholm,429,stockholm,"Stockholm, Sweden",2021.11.07,2021,11,7,28,16,Indoor,Hard,"€711,275",EUR,711275,/en/scores/archive/stockholm/429/2021/results,Tommy Paul,/en/players/tommy-paul/pl56/overview,tommy-paul,pl56,Santiago Gonzalez,/en/players/santiago-gonzalez/g551/overview,santiago-gonzalez,g551,Andres Molteni,/en/players/andres-molteni/me56/overview,andres-molteni,me56
2021-7696,77,Next Gen Finals,Intesa Sanpaolo Next Gen ATP Finals,7696,intesa-sanpaolo-next-gen-atp-finals,"Milan, Italy",2021.11.09,2021,11,9,8,0,Indoor,Hard,"$1,300,000",USD,1300000,/en/scores/archive/intesa-sanpaolo-next-gen-atp-finals/7696/2021/results,Carlos Alcaraz,/en/players/carlos-alcaraz/a0e2/overview,carlos-alcaraz,a0e2,,,,,,,,
2021-605,78,ATP Finals,Nitto ATP Finals,605,nitto-atp-finals,"Turin, Italy",2021.11.14,2021,11,14,8,8,Indoor,Hard,"$7,250,000",USD,7250000,/en/scores/archive/nitto-atp-finals/605/2021/results,Alexander Zverev,/en/players/alexander-zverev/z355/overview,alexander-zverev,z355,Pierre-Hugues Herbert,/en/players/pierre-hugues-herbert/h996/overview,pierre-hugues-herbert,h996,Nicolas Mahut,/en/players/nicolas-mahut/m873/overview,nicolas-mahut,m873
2022-8888,1,ATP Cup,ATP Cup,8888,atp-cup,"Sydney, Australia",2022.01.01,2022,1,1,16,16,Outdoor,Hard,"$10,000,000",USD,10000000,/en/scores/archive/atp-cup/8888/2022/results,,,,,,,,,,,,
2022-8998,2,ATP 250,Adelaide International 1,8998,adelaide,"Adelaide, Australia",2022.01.03,2022,1,3,28,24,Outdoor,Hard,"$416,800",USD,416800,/en/scores/archive/adelaide/8998/2022/results,Gael Monfils,/en/players/gael-monfils/mc65/overview,gael-monfils,mc65,Rohan Bopanna,/en/players/rohan-bopanna/b757/overview,rohan-bopanna,b757,Ramkumar Ramanathan,/en/players/ramkumar-ramanathan/rb56/overview,ramkumar-ramanathan,rb56
2022-9665,3,ATP 250,Melbourne Summer Set,9665,melbourne,"Melbourne, Australia",2022.01.04,2022,1,4,28,24,Outdoor,Hard,"$521,000",USD,521000,/en/scores/archive/melbourne/9665/2022/results,Rafael Nadal,/en/players/rafael-nadal/n409/overview,rafael-nadal,n409,Wesley Koolhof,/en/players/wesley-koolhof/kc41/overview,wesley-koolhof,kc41,Neal Skupski,/en/players/neal-skupski/sl22/overview,neal-skupski,sl22
2022-9663,4,ATP 250,Sydney Tennis Classic,9663,sydney,"Sydney, Australia",2022.01.10,2022,1,10,28,24,Outdoor,Hard,"$521,000",USD,521000,/en/scores/archive/sydney/9663/2022/results,Aslan Karatsev,/en/players/aslan-karatsev/kc56/overview,aslan-karatsev,kc56,Filip Polasek,/en/players/filip-polasek/pa46/overview,filip-polasek,pa46,John Peers,/en/players/john-peers/pc96/overview,john-peers,pc96
2022-9667,5,ATP 250,Adelaide International 2,9667,adelaide,"Adelaide, Australia",2022.01.10,2022,1,10,28,24,Outdoor,Hard,"$493,875",USD,493875,/en/scores/archive/adelaide/9667/2022/results,Thanasi Kokkinakis,/en/players/thanasi-kokkinakis/kd46/overview,thanasi-kokkinakis,kd46,Wesley Koolhof,/en/players/wesley-koolhof/kc41/overview,wesley-koolhof,kc41,Neal Skupski,/en/players/neal-skupski/sl22/overview,neal-skupski,sl22
2022-580,6,Grand Slam,Australian Open,580,australian-open,"Melbourne, Australia",2022.01.17,2022,1,17,128,64,Outdoor,Hard,"A$33,784,200",AUD,33784200,/en/scores/archive/australian-open/580/2022/results,Rafael Nadal,/en/players/rafael-nadal/n409/overview,rafael-nadal,n409,Thanasi Kokkinakis,/en/players/thanasi-kokkinakis/kd46/overview,thanasi-kokkinakis,kd46,Nick Kyrgios,/en/players/nick-kyrgios/ke17/overview,nick-kyrgios,ke17
2022-9158,7,ATP 250,Cordoba Open,9158,cordoba,"Cordoba, Argentina",2022.01.31,2022,1,31,28,16,Outdoor,Clay,"$493,875",USD,493875,/en/scores/archive/cordoba/9158/2022/results,Albert Ramos-Vinolas,/en/players/albert-ramos-vinolas/r772/overview,albert-ramos-vinolas,r772,Santiago Gonzalez,/en/players/santiago-gonzalez/g551/overview,santiago-gonzalez,g551,Andres Molteni,/en/players/andres-molteni/me56/overview,andres-molteni,me56
2022-891,8,ATP 250,Tata Open Maharashtra,891,pune,"Pune, India",2022.01.31,2022,1,31,28,16,Outdoor,Hard,"$493,875",USD,493875,/en/scores/archive/pune/891/2022/results,Joao Sousa,/en/players/joao-sousa/sh90/overview,joao-sousa,sh90,Rohan Bopanna,/en/players/rohan-bopanna/b757/overview,rohan-bopanna,b757,Ramkumar Ramanathan,/en/players/ramkumar-ramanathan/rb56/overview,ramkumar-ramanathan,rb56
2022-375,9,ATP 250,Open Sud de France – Montpellier,375,montpellier,"Montpellier, France",2022.01.31,2022,1,31,28,16,Indoor,Hard,"€490,990",EUR,490990,/en/scores/archive/montpellier/375/2022/results,Alexander Bublik,/en/players/alexander-bublik/bk92/overview,alexander-bublik,bk92,Pierre-Hugues Herbert,/en/players/pierre-hugues-herbert/h996/overview,pierre-hugues-herbert,h996,Nicolas Mahut,/en/players/nicolas-mahut/m873/overview,nicolas-mahut,m873
2022-407,10,ATP 500,ABN AMRO Open,407,rotterdam,"Rotterdam, Netherlands",2022.02.07,2022,2,7,32,16,Indoor,Hard,"€1,349,070",EUR,1349070,/en/scores/archive/rotterdam/407/2022/results,Felix Auger-Aliassime,/en/players/felix-auger-aliassime/ag37/overview,felix-auger-aliassime,ag37,Robin Haase,/en/players/robin-haase/h756/overview,robin-haase,h756,Matwe Middelkoop,/en/players/matwe-middelkoop/mb88/overview,matwe-middelkoop,mb88
2022-424,11,ATP 250,Dallas Open,424,dallas,"Dallas, United States",2022.02.07,2022,2,7,28,16,Indoor,Hard,"$792,980",USD,792980,/en/scores/archive/dallas/424/2022/results,Reilly Opelka,/en/players/reilly-opelka/o522/overview,reilly-opelka,o522,Marcelo Arevalo,/en/players/marcelo-arevalo/a853/overview,marcelo-arevalo,a853,Jean-Julien Rojer,/en/players/jean-julien-rojer/r513/overview,jean-julien-rojer,r513
2022-506,12,ATP 250,Argentina Open,506,buenos-aires,"Buenos Aires, Argentina",2022.02.07,2022,2,7,28,16,Outdoor,Clay,"$686,700",USD,686700,/en/scores/archive/buenos-aires/506/2022/results,Casper Ruud,/en/players/casper-ruud/rh16/overview,casper-ruud,rh16,Santiago Gonzalez,/en/players/santiago-gonzalez/g551/overview,santiago-gonzalez,g551,Andres Molteni,/en/players/andres-molteni/me56/overview,andres-molteni,me56
2022-6932,13,ATP 500,Rio Open presented by Claro,6932,rio-de-janeiro,"Rio de Janeiro, Brazil",2022.02.14,2022,2,14,28,16,Outdoor,Clay,"$1,815,115",USD,1815115,/en/scores/archive/rio-de-janeiro/6932/2022/results,Carlos Alcaraz,/en/players/carlos-alcaraz/a0e2/overview,carlos-alcaraz,a0e2,Simone Bolelli,/en/players/simone-bolelli/ba98/overview,simone-bolelli,ba98,Fabio Fognini,/en/players/fabio-fognini/f510/overview,fabio-fognini,f510
2022-451,14,ATP 250,Qatar ExxonMobil Open,451,doha,"Doha, Qatar",2022.02.14,2022,2,14,28,16,Outdoor,Hard,"$1,176,595",USD,1176595,/en/scores/archive/doha/451/2022/results,Roberto Bautista Agut,/en/players/roberto-bautista-agut/bd06/overview,roberto-bautista-agut,bd06,Wesley Koolhof,/en/players/wesley-koolhof/kc41/overview,wesley-koolhof,kc41,Neal Skupski,/en/players/neal-skupski/sl22/overview,neal-skupski,sl22
2022-499,15,ATP 250,Delray Beach Open,499,delray-beach,"Delray Beach, United States",2022.02.14,2022,2,14,28,16,Outdoor,Hard,"$664,275",USD,664275,/en/scores/archive/delray-beach/499/2022/results,Cameron Norrie,/en/players/cameron-norrie/n771/overview,cameron-norrie,n771,Marcelo Arevalo,/en/players/marcelo-arevalo/a853/overview,marcelo-arevalo,a853,Jean-Julien Rojer,/en/players/jean-julien-rojer/r513/overview,jean-julien-rojer,r513
2022-496,16,ATP 250,Open 13 Provence,496,marseille,"Marseille, France",2022.02.14,2022,2,14,28,16,Indoor,Hard,"€622,610",EUR,622610,/en/scores/archive/marseille/496/2022/results,Andrey Rublev,/en/players/andrey-rublev/re44/overview,andrey-rublev,re44,Denys Molchanov,/en/players/denys-molchanov/mf71/overview,denys-molchanov,mf71,Andrey Rublev,/en/players/andrey-rublev/re44/overview,andrey-rublev,re44
2022-495,17,ATP 500,Dubai Duty Free Tennis Championships,495,dubai,"Dubai, United Arab Emirates",2022.02.21,2022,2,21,32,16,Outdoor,Hard,"$2,949,665",USD,2949665,/en/scores/archive/dubai/495/2022/results,Andrey Rublev,/en/players/andrey-rublev/re44/overview,andrey-rublev,re44,Tim Puetz,/en/players/tim-puetz/pc68/overview,tim-puetz,pc68,Michael Venus,/en/players/michael-venus/v576/overview,michael-venus,v576
2022-807,18,ATP 500,Abierto Mexicano Telcel presentado por HSBC,807,acapulco,"Acapulco, Mexico",2022.02.21,2022,2,21,32,16,Outdoor,Hard,"$1,832,890",USD,1832890,/en/scores/archive/acapulco/807/2022/results,Rafael Nadal,/en/players/rafael-nadal/n409/overview,rafael-nadal,n409,Feliciano Lopez,/en/players/feliciano-lopez/l397/overview,feliciano-lopez,l397,Stefanos Tsitsipas,/en/players/stefanos-tsitsipas/te51/overview,stefanos-tsitsipas,te51
2022-8996,19,ATP 250,Chile Dove Men+Care Open,8996,santiago,"Santiago, Chile",2022.02.21,2022,2,21,28,16,Outdoor,Clay,"$546,340",USD,546340,/en/scores/archive/santiago/8996/2022/results,Pedro Martinez,/en/players/pedro-martinez/mo44/overview,pedro-martinez,mo44,Rafael Matos,/en/players/rafael-matos/mo41/overview,rafael-matos,mo41,Felipe Meligeni Alves,/en/players/felipe-meligeni-alves/mw75/overview,felipe-meligeni-alves,mw75
2022-404,20,Masters 1000,BNP Paribas Open,404,indian-wells,"Indian Wells, United States",2022.03.10,2022,3,10,96,32,Outdoor,Hard,"$9,554,920",USD,9554920,/en/scores/archive/indian-wells/404/2022/results,Taylor Fritz,/en/players/taylor-fritz/fb98/overview,taylor-fritz,fb98,John Isner,/en/players/john-isner/i186/overview,john-isner,i186,Jack Sock,/en/players/jack-sock/sm25/overview,jack-sock,sm25
2022-403,21,Masters 1000,Miami Open presented by Itau,403,miami,"Miami, United States",2022.03.23,2022,3,23,96,32,Outdoor,Hard,"$9,554,920",USD,9554920,/en/scores/archive/miami/403/2022/results,Carlos Alcaraz,/en/players/carlos-alcaraz/a0e2/overview,carlos-alcaraz,a0e2,Hubert Hurkacz,/en/players/hubert-hurkacz/hb71/overview,hubert-hurkacz,hb71,John Isner,/en/players/john-isner/i186/overview,john-isner,i186
2022-717,22,ATP 250,Fayez Sarofim & Co. U.S. Men's Clay Court Championship,717,houston,"Houston, United States",2022.04.04,2022,4,4,28,16,Outdoor,Clay,"$665,330",USD,665330,/en/scores/archive/houston/717/2022/results,Reilly Opelka,/en/players/reilly-opelka/o522/overview,reilly-opelka,o522,Matthew Ebden,/en/players/matthew-ebden/e690/overview,matthew-ebden,e690,Max Purcell,/en/players/max-purcell/ph71/overview,max-purcell,ph71
2022-360,23,ATP 250,Grand Prix Hassan II,360,marrakech,"Marrakech, Morocco",2022.04.04,2022,4,4,32,16,Outdoor,Clay,"€597,900",EUR,597900,/en/scores/archive/marrakech/360/2022/results,David Goffin,/en/players/david-goffin/gb88/overview,david-goffin,gb88,Rafael Matos,/en/players/rafael-matos/mo41/overview,rafael-matos,mo41,David Vega Hernandez,/en/players/david-vega-hernandez/v758/overview,david-vega-hernandez,v758
2022-410,24,Masters 1000,Rolex Monte-Carlo Masters,410,monte-carlo,"Monte Carlo, Monaco",2022.04.10,2022,4,10,56,28,Outdoor,Clay,"€5,802,475",EUR,5802475,/en/scores/archive/monte-carlo/410/2022/results,Stefanos Tsitsipas,/en/players/stefanos-tsitsipas/te51/overview,stefanos-tsitsipas,te51,Rajeev Ram,/en/players/rajeev-ram/r548/overview,rajeev-ram,r548,Joe Salisbury,/en/players/joe-salisbury/so70/overview,joe-salisbury,so70
2022-425,25,ATP 500,Barcelona Open Banc Sabadell,425,barcelona,"Barcelona, Spain",2022.04.18,2022,4,18,48,16,Outdoor,Clay,"€2,802,580",EUR,2802580,/en/scores/archive/barcelona/425/2022/results,Carlos Alcaraz,/en/players/carlos-alcaraz/a0e2/overview,carlos-alcaraz,a0e2,Kevin Krawietz,/en/players/kevin-krawietz/kb92/overview,kevin-krawietz,kb92,Andreas Mies,/en/players/andreas-mies/mj40/overview,andreas-mies,mj40
2022-5053,26,ATP 250,Serbia Open,5053,belgrade,"Belgrade, Serbia",2022.04.18,2022,4,18,28,16,Outdoor,Clay,"€597,900",EUR,597900,/en/scores/archive/belgrade/5053/2022/results,Andrey Rublev,/en/players/andrey-rublev/re44/overview,andrey-rublev,re44,Ariel Behar,/en/players/ariel-behar/bd52/overview,ariel-behar,bd52,Gonzalo Escobar,/en/players/gonzalo-escobar/e661/overview,gonzalo-escobar,e661
2022-308,27,ATP 250,BMW Open by American Express,308,munich,"Munich, Germany",2022.04.25,2022,4,25,28,16,Outdoor,Clay,"€597,900",EUR,597900,/en/scores/archive/munich/308/2022/results,Holger Rune,/en/players/holger-rune/r0dg/overview,holger-rune,r0dg,Kevin Krawietz,/en/players/kevin-krawietz/kb92/overview,kevin-krawietz,kb92,Andreas Mies,/en/players/andreas-mies/mj40/overview,andreas-mies,mj40
2022-7290,28,ATP 250,Millennium Estoril Open,7290,estoril,"Estoril, Portugal",2022.04.25,2022,4,25,28,16,Outdoor,Clay,"€597,900",EUR,597900,/en/scores/archive/estoril/7290/2022/results,Sebastian Baez,/en/players/sebastian-baez/b0bi/overview,sebastian-baez,b0bi,Nuno Borges,/en/players/nuno-borges/bt72/overview,nuno-borges,bt72,Francisco Cabral,/en/players/francisco-cabral/cl84/overview,francisco-cabral,cl84
2022-1536,29,Masters 1000,Mutua Madrid Open,1536,madrid,"Madrid, Spain",2022.05.01,2022,5,1,56,28,Outdoor,Clay,"€7,499,290",EUR,7499290,/en/scores/archive/madrid/1536/2022/results,Carlos Alcaraz,/en/players/carlos-alcaraz/a0e2/overview,carlos-alcaraz,a0e2,Wesley Koolhof,/en/players/wesley-koolhof/kc41/overview,wesley-koolhof,kc41,Neal Skupski,/en/players/neal-skupski/sl22/overview,neal-skupski,sl22
2022-416,30,Masters 1000,Internazionali BNL d'Italia,416,rome,"Rome, Italy",2022.05.08,2022,5,8,56,32,Outdoor,Clay,"€6,008,725",EUR,6008725,/en/scores/archive/rome/416/2022/results,Novak Djokovic,/en/players/novak-djokovic/d643/overview,novak-djokovic,d643,Nikola Mektic,/en/players/nikola-mektic/mf09/overview,nikola-mektic,mf09,Mate Pavic,/en/players/mate-pavic/pf00/overview,mate-pavic,pf00
2022-322,31,ATP 250,Gonet Geneva Open,322,geneva,"Geneva, Switzerland",2022.05.15,2022,5,15,28,16,Outdoor,Clay,"€597,900",EUR,597900,/en/scores/archive/geneva/322/2022/results,Casper Ruud,/en/players/casper-ruud/rh16/overview,casper-ruud,rh16,Nikola Mektic,/en/players/nikola-mektic/mf09/overview,nikola-mektic,mf09,Mate Pavic,/en/players/mate-pavic/pf00/overview,mate-pavic,pf00
2022-7694,32,ATP 250,Open Parc Auvergne-Rhone-Alpes Lyon,7694,lyon,"Lyon, France",2022.05.15,2022,5,15,28,16,Outdoor,Clay,"€597,900",EUR,597900,/en/scores/archive/lyon/7694/2022/results,Cameron Norrie,/en/players/cameron-norrie/n771/overview,cameron-norrie,n771,Ivan Dodig,/en/players/ivan-dodig/d646/overview,ivan-dodig,d646,Austin Krajicek,/en/players/austin-krajicek/ka00/overview,austin-krajicek,ka00
2022-520,33,Grand Slam,Roland Garros,520,roland-garros,"Paris, France",2022.05.22,2022,5,22,128,64,Outdoor,Clay,"€21,256,800",EUR,21256800,/en/scores/archive/roland-garros/520/2022/results,Rafael Nadal,/en/players/rafael-nadal/n409/overview,rafael-nadal,n409,Marcelo Arevalo,/en/players/marcelo-arevalo/a853/overview,marcelo-arevalo,a853,Jean-Julien Rojer,/en/players/jean-julien-rojer/r513/overview,jean-julien-rojer,r513
2022-321,34,ATP 250,BOSS OPEN,321,stuttgart,"Stuttgart, Germany",2022.06.06,2022,6,6,28,16,Outdoor,Grass,"€769,645",EUR,769645,/en/scores/archive/stuttgart/321/2022/results,Matteo Berrettini,/en/players/matteo-berrettini/bk40/overview,matteo-berrettini,bk40,Hubert Hurkacz,/en/players/hubert-hurkacz/hb71/overview,hubert-hurkacz,hb71,Mate Pavic,/en/players/mate-pavic/pf00/overview,mate-pavic,pf00
2022-440,35,ATP 250,Libema Open,440,s-hertogenbosch,"'s-Hertogenbosch, Netherlands",2022.06.06,2022,6,6,28,16,Outdoor,Grass,"€725,540",EUR,725540,/en/scores/archive/s-hertogenbosch/440/2022/results,Tim van Rijthoven,/en/players/tim-van-rijthoven/v942/overview,tim-van-rijthoven,v942,Wesley Koolhof,/en/players/wesley-koolhof/kc41/overview,wesley-koolhof,kc41,Neal Skupski,/en/players/neal-skupski/sl22/overview,neal-skupski,sl22
2022-311,36,ATP 500,Cinch Championships,311,london,"London, Great Britain",2022.06.13,2022,6,13,32,16,Outdoor,Grass,"€2,275,275",EUR,2275275,/en/scores/archive/london/311/2022/results,Matteo Berrettini,/en/players/matteo-berrettini/bk40/overview,matteo-berrettini,bk40,Nikola Mektic,/en/players/nikola-mektic/mf09/overview,nikola-mektic,mf09,Mate Pavic,/en/players/mate-pavic/pf00/overview,mate-pavic,pf00
2022-500,37,ATP 500,Terra Wortmann Open,500,halle,"Halle, Germany",2022.06.13,2022,6,13,32,16,Outdoor,Grass,"€2,275,275",EUR,2275275,/en/scores/archive/halle/500/2022/results,Hubert Hurkacz,/en/players/hubert-hurkacz/hb71/overview,hubert-hurkacz,hb71,Marcel Granollers,/en/players/marcel-granollers/g710/overview,marcel-granollers,g710,Horacio Zeballos,/en/players/horacio-zeballos/z184/overview,horacio-zeballos,z184
2022-8994,38,ATP 250,Mallorca Championships,8994,mallorca,"Mallorca, Spain",2022.06.19,2022,6,19,28,16,Outdoor,Grass,"€951,745",EUR,951745,/en/scores/archive/mallorca/8994/2022/results,Stefanos Tsitsipas,/en/players/stefanos-tsitsipas/te51/overview,stefanos-tsitsipas,te51,Rafael Matos,/en/players/rafael-matos/mo41/overview,rafael-matos,mo41,David Vega Hernandez,/en/players/david-vega-hernandez/v758/overview,david-vega-hernandez,v758
2022-741,39,ATP 250,Rothesay International,741,eastbourne,"Eastbourne, Great Britain",2022.06.20,2022,6,20,28,16,Outdoor,Grass,"€760,750",EUR,760750,/en/scores/archive/eastbourne/741/2022/results,Taylor Fritz,/en/players/taylor-fritz/fb98/overview,taylor-fritz,fb98,Nikola Mektic,/en/players/nikola-mektic/mf09/overview,nikola-mektic,mf09,Mate Pavic,/en/players/mate-pavic/pf00/overview,mate-pavic,pf00
2022-540,40,Grand Slam,Wimbledon,540,wimbledon,"London, Great Britain",2022.06.27,2022,6,27,128,64,Outdoor,Grass,"£18,652,000",GBP,18652000,/en/scores/archive/wimbledon/540/2022/results,Novak Djokovic,/en/players/novak-djokovic/d643/overview,novak-djokovic,d643,Matthew Ebden,/en/players/matthew-ebden/e690/overview,matthew-ebden,e690,Max Purcell,/en/players/max-purcell/ph71/overview,max-purcell,ph71
2022-315,41,ATP 250,Infosys Hall of Fame Open,315,newport,"Newport, United States",2022.07.11,2022,7,11,28,16,Outdoor,Grass,"$665,330",USD,665330,/en/scores/archive/newport/315/2022/results,Maxime Cressy,/en/players/maxime-cressy/c0bc/overview,maxime-cressy,c0bc,William Blumberg,/en/players/william-blumberg/bt45/overview,william-blumberg,bt45,Steve Johnson,/en/players/steve-johnson/j386/overview,steve-johnson,j386
2022-316,42,ATP 250,Nordea Open,316,bastad,"Bastad, Sweden",2022.07.11,2022,7,11,28,16,Outdoor,Clay,"€597,900",EUR,597900,/en/scores/archive/bastad/316/2022/results,Francisco Cerundolo,/en/players/francisco-cerundolo/c0au/overview,francisco-cerundolo,c0au,Rafael Matos,/en/players/rafael-matos/mo41/overview,rafael-matos,mo41,David Vega Hernandez,/en/players/david-vega-hernandez/v758/overview,david-vega-hernandez,v758
2022-414,43,ATP 500,Hamburg European Open,414,hamburg,"Hamburg, Germany",2022.07.18,2022,7,18,32,16,Outdoor,Clay,"€1,911,620",EUR,1911620,/en/scores/archive/hamburg/414/2022/results,Lorenzo Musetti,/en/players/lorenzo-musetti/m0ej/overview,lorenzo-musetti,m0ej,Lloyd Glasspool,/en/players/lloyd-glasspool/gd08/overview,lloyd-glasspool,gd08,Harri Heliovaara,/en/players/harri-heliovaara/h808/overview,harri-heliovaara,h808
2022-314,44,ATP 250,EFG Swiss Open Gstaad,314,gstaad,"Gstaad, Switzerland",2022.07.18,2022,7,18,28,16,Outdoor,Clay,"€597,900",EUR,597900,/en/scores/archive/gstaad/314/2022/results,Casper Ruud,/en/players/casper-ruud/rh16/overview,casper-ruud,rh16,Tomislav Brkic,/en/players/tomislav-brkic/be68/overview,tomislav-brkic,be68,Francisco Cabral,/en/players/francisco-cabral/cl84/overview,francisco-cabral,cl84
2022-6116,45,ATP 250,Atlanta Open,6116,atlanta,"Atlanta, United States",2022.07.25,2022,7,25,28,16,Outdoor,Hard,"$792,980",USD,792980,/en/scores/archive/atlanta/6116/2022/results,Alex de Minaur,/en/players/alex-de-minaur/dh58/overview,alex-de-minaur,dh58,Thanasi Kokkinakis,/en/players/thanasi-kokkinakis/kd46/overview,thanasi-kokkinakis,kd46,Nick Kyrgios,/en/players/nick-kyrgios/ke17/overview,nick-kyrgios,ke17
2022-319,46,ATP 250,Generali Open,319,kitzbuhel,"Kitzbuhel, Austria",2022.07.25,2022,7,25,28,16,Outdoor,Clay,"€597,900",EUR,597900,/en/scores/archive/kitzbuhel/319/2022/results,Roberto Bautista Agut,/en/players/roberto-bautista-agut/bd06/overview,roberto-bautista-agut,bd06,Pedro Martinez,/en/players/pedro-martinez/mo44/overview,pedro-martinez,mo44,Lorenzo Sonego,/en/players/lorenzo-sonego/su87/overview,lorenzo-sonego,su87
2022-439,47,ATP 250,Plava Laguna Croatia Open Umag,439,umag,"Umag, Croatia",2022.07.25,2022,7,25,28,16,Outdoor,Clay,"€597,900",EUR,597900,/en/scores/archive/umag/439/2022/results,Jannik Sinner,/en/players/jannik-sinner/s0ag/overview,jannik-sinner,s0ag,Simone Bolelli,/en/players/simone-bolelli/ba98/overview,simone-bolelli,ba98,Fabio Fognini,/en/players/fabio-fognini/f510/overview,fabio-fognini,f510
2022-418,48,ATP 500,Citi Open,418,washington,"Washington, United States",2022.08.01,2022,8,1,48,16,Outdoor,Hard,"$2,108,110",USD,2108110,/en/scores/archive/washington/418/2022/results,Nick Kyrgios,/en/players/nick-kyrgios/ke17/overview,nick-kyrgios,ke17,Nick Kyrgios,/en/players/nick-kyrgios/ke17/overview,nick-kyrgios,ke17,Jack Sock,/en/players/jack-sock/sm25/overview,jack-sock,sm25
2022-7480,49,ATP 250,Abierto de Tenis Mifel,7480,los-cabos,"Los Cabos, Mexico",2022.08.01,2022,8,1,28,16,Outdoor,Hard,"$920,625",USD,920625,/en/scores/archive/los-cabos/7480/2022/results,Daniil Medvedev,/en/players/daniil-medvedev/mm58/overview,daniil-medvedev,mm58,William Blumberg,/en/players/william-blumberg/bt45/overview,william-blumberg,bt45,Miomir Kecmanovic,/en/players/miomir-kecmanovic/ki95/overview,miomir-kecmanovic,ki95
2022-421,50,Masters 1000,National Bank Open Presented by Rogers,421,montreal,"Montreal, Canada",2022.08.08,2022,8,8,56,28,Outdoor,Hard,"$6,573,785",USD,6573785,/en/scores/archive/montreal/421/2022/results,Pablo Carreno Busta,/en/players/pablo-carreno-busta/cd85/overview,pablo-carreno-busta,cd85,Wesley Koolhof,/en/players/wesley-koolhof/kc41/overview,wesley-koolhof,kc41,Neal Skupski,/en/players/neal-skupski/sl22/overview,neal-skupski,sl22
2022-422,51,Masters 1000,Western & Southern Open,422,cincinnati,"Cincinnati, United States",2022.08.14,2022,8,14,56,28,Outdoor,Hard,"$6,971,275",USD,6971275,/en/scores/archive/cincinnati/422/2022/results,Borna Coric,/en/players/borna-coric/cg80/overview,borna-coric,cg80,Rajeev Ram,/en/players/rajeev-ram/r548/overview,rajeev-ram,r548,Joe Salisbury,/en/players/joe-salisbury/so70/overview,joe-salisbury,so70
2022-6242,52,ATP 250,Winston-Salem Open,6242,winston-salem,"Winston-Salem, United States",2022.08.21,2022,8,21,48,16,Outdoor,Hard,"$823,420",USD,823420,/en/scores/archive/winston-salem/6242/2022/results,Adrian Mannarino,/en/players/adrian-mannarino/me82/overview,adrian-mannarino,me82,Matthew Ebden,/en/players/matthew-ebden/e690/overview,matthew-ebden,e690,Jamie Murray,/en/players/jamie-murray/mc81/overview,jamie-murray,mc81
2022-560,53,Grand Slam,US Open,560,us-open,"New York, United States",2022.08.29,2022,8,29,128,64,Outdoor,Hard,"$27,915,200",USD,27915200,/en/scores/archive/us-open/560/2022/results,Carlos Alcaraz,/en/players/carlos-alcaraz/a0e2/overview,carlos-alcaraz,a0e2,Rajeev Ram,/en/players/rajeev-ram/r548/overview,rajeev-ram,r548,Joe Salisbury,/en/players/joe-salisbury/so70/overview,joe-salisbury,so70
2022-9569,54,ATP 250,San Diego Open,9569,san-diego,"San Diego, United States",2022.09.19,2022,9,19,28,16,Outdoor,Hard,"$612,000",USD,612000,/en/scores/archive/san-diego/9569/2022/results,Brandon Nakashima,/en/players/brandon-nakashima/n0ae/overview,brandon-nakashima,n0ae,Nathaniel Lammons,/en/players/nathaniel-lammons/li37/overview,nathaniel-lammons,li37,Jackson Withrow,/en/players/jackson-withrow/w686/overview,jackson-withrow,w686
2022-341,55,ATP 250,Moselle Open,341,metz,"Metz, France",2022.09.19,2022,9,19,28,16,Indoor,Hard,"€597,900",EUR,597900,/en/scores/archive/metz/341/2022/results,Lorenzo Sonego,/en/players/lorenzo-sonego/su87/overview,lorenzo-sonego,su87,Hugo Nys,/en/players/hugo-nys/n670/overview,hugo-nys,n670,Jan Zielinski,/en/players/jan-zielinski/z423/overview,jan-zielinski,z423
2022-9210,56,Laver Cup,Laver Cup,9210,laver-cup,"London, Great Britain",2022.09.23,2022,9,23,12,12,Indoor,Hard,,,,/en/scores/archive/laver-cup/9210/2022/results,,,,,,,,,,,,
2022-4140,57,ATP 250,Eugene Korea Open Tennis Championships,4140,seoul,"Seoul, South Korea",2022.09.26,2022,9,26,28,16,Outdoor,Hard,"$1,237,570",USD,1237570,/en/scores/archive/seoul/4140/2022/results,Yoshihito Nishioka,/en/players/yoshihito-nishioka/n732/overview,yoshihito-nishioka,n732,Raven Klaasen,/en/players/raven-klaasen/k609/overview,raven-klaasen,k609,Nathaniel Lammons,/en/players/nathaniel-lammons/li37/overview,nathaniel-lammons,li37
2022-4138,58,ATP 250,Tel Aviv Watergen Open,4138,tel-aviv,"Tel Aviv, Israel",2022.09.26,2022,9,26,28,16,Indoor,Hard,"$1,019,855",USD,1019855,/en/scores/archive/tel-aviv/4138/2022/results,Novak Djokovic,/en/players/novak-djokovic/d643/overview,novak-djokovic,d643,Rohan Bopanna,/en/players/rohan-bopanna/b757/overview,rohan-bopanna,b757,Matwe Middelkoop,/en/players/matwe-middelkoop/mb88/overview,matwe-middelkoop,mb88
2022-7434,59,ATP 250,Sofia Open,7434,sofia,"Sofia, Bulgaria",2022.09.26,2022,9,26,28,16,Indoor,Hard,"€597,900",EUR,597900,/en/scores/archive/sofia/7434/2022/results,Marc-Andrea Huesler,/en/players/marc-andrea-huesler/hh06/overview,marc-andrea-huesler,hh06,Rafael Matos,/en/players/rafael-matos/mo41/overview,rafael-matos,mo41,David Vega Hernandez,/en/players/david-vega-hernandez/v758/overview,david-vega-hernandez,v758
2022-329,60,ATP 500,Rakuten Japan Open Tennis Championships,329,tokyo,"Tokyo, Japan",2022.10.03,2022,10,3,32,16,Outdoor,Hard,"$2,108,110",USD,2108110,/en/scores/archive/tokyo/329/2022/results,Taylor Fritz,/en/players/taylor-fritz/fb98/overview,taylor-fritz,fb98,Marcelo Melo,/en/players/marcelo-melo/m919/overview,marcelo-melo,m919,Mackenzie McDonald,/en/players/mackenzie-mcdonald/mk66/overview,mackenzie-mcdonald,mk66
2022-9410,61,ATP 500,Astana Open,9410,astana,"Astana, Kazakhstan",2022.10.03,2022,10,3,32,16,Indoor,Hard,"$2,054,825",USD,2054825,/en/scores/archive/astana/9410/2022/results,Novak Djokovic,/en/players/novak-djokovic/d643/overview,novak-djokovic,d643,Nikola Mektic,/en/players/nikola-mektic/mf09/overview,nikola-mektic,mf09,Mate Pavic,/en/players/mate-pavic/pf00/overview,mate-pavic,pf00
2022-2807,62,ATP 250,Gijon Open,2807,gijon,"Gijon, Spain",2022.10.10,2022,10,10,28,16,Indoor,Hard,"€675,345",EUR,675345,/en/scores/current/gijon/2807/live-scores,Andrey Rublev,/en/players/andrey-rublev/re44/overview,andrey-rublev,re44,Maximo Gonzalez,/en/players/maximo-gonzalez/g585/overview,maximo-gonzalez,g585,Andres Molteni,/en/players/andres-molteni/me56/overview,andres-molteni,me56
2022-2805,63,ATP 250,UniCredit Firenze Open,2805,florence,"Florence, Italy",2022.10.10,2022,10,10,28,16,Indoor,Hard,"€612,000",EUR,612000,/en/scores/current/florence/2805/live-scores,Felix Auger-Aliassime,/en/players/felix-auger-aliassime/ag37/overview,felix-auger-aliassime,ag37,Nicolas Mahut,/en/players/nicolas-mahut/m873/overview,nicolas-mahut,m873,Edouard Roger-Vasselin,/en/players/edouard-roger-vasselin/r613/overview,edouard-roger-vasselin,r613
2022-7485,64,ATP 250,European Open,7485,antwerp,"Antwerp, Belgium",2022.10.17,2022,10,17,28,16,Indoor,Hard,"€725,540",EUR,725540,/en/scores/current/antwerp/7485/live-scores,,,,,,,,,,,,
2022-429,65,ATP 250,Stockholm Open,429,stockholm,"Stockholm, Sweden",2022.10.17,2022,10,17,28,16,Indoor,Hard,"€725,540",EUR,725540,/en/scores/current/stockholm/429/live-scores,,,,,,,,,,,,
2022-2809,66,ATP 250,Tennis Napoli Cup,2809,naples,"Naples, Italy",2022.10.17,2022,10,17,28,16,Outdoor,Hard,"€612,000",EUR,612000,/en/scores/current/naples/2809/live-scores,,,,,,,,,,,,
2022-,67,ATP 500,Erste Bank Open,,,"Vienna, Austria",2022.10.24,2022,10,24,32,16,Indoor,Hard,"€2,489,935",EUR,2489935,,,,,,,,,,,,,
2022-,68,ATP 500,Swiss Indoors Basel,,,"Basel, Switzerland",2022.10.24,2022,10,24,32,16,Indoor,Hard,"€2,276,105",EUR,2276105,,,,,,,,,,,,,
2022-,69,Masters 1000,Rolex Paris Masters,,,"Paris, France",2022.10.31,2022,10,31,56,24,Indoor,Hard,"€6,008,725",EUR,6008725,,,,,,,,,,,,,
2022-,70,Next Gen Finals,Intesa Sanpaolo Next Gen ATP Finals,,,"Milan, Italy",2022.11.08,2022,11,8,8,0,Indoor,Hard,"$1,433,175",USD,1433175,,,,,,,,,,,,,
2022-,71,ATP Finals,Nitto ATP Finals,,,"Turin, Italy",2022.11.13,2022,11,13,8,8,Indoor,Hard,"$14,750,000",USD,14750000,,,,,,,,,,,,,
